id,user_id,blocked_user_id,reason,created_at
1,324,1690,价值观不合,2025-06-17 09:27:13
2,735,348,骚扰信息,2025-09-05 09:27:13
3,1263,1225,骚扰信息,2025-06-21 09:27:13
4,1439,655,虚假资料,2025-08-08 09:27:13
5,407,476,骚扰信息,2025-07-31 09:27:13
6,207,891,价值观不合,2025-07-03 09:27:13
7,707,1737,虚假资料,2025-06-24 09:27:13
8,922,764,骚扰信息,2025-07-04 09:27:13
9,2000,289,骚扰信息,2025-08-14 09:27:13
10,1354,400,价值观不合,2025-08-08 09:27:13
11,1458,939,虚假资料,2025-08-25 09:27:13
12,1692,225,骚扰信息,2025-09-02 09:27:13
13,1469,1373,虚假资料,2025-07-07 09:27:13
14,895,1051,虚假资料,2025-06-25 09:27:13
15,1772,174,虚假资料,2025-07-28 09:27:13
16,37,1553,骚扰信息,2025-09-01 09:27:13
17,1925,422,骚扰信息,2025-09-06 09:27:13
18,1310,1485,价值观不合,2025-08-01 09:27:13
19,1888,986,价值观不合,2025-07-04 09:27:13
20,469,128,虚假资料,2025-08-05 09:27:13
21,1914,1947,骚扰信息,2025-09-11 09:27:13
22,497,585,价值观不合,2025-06-21 09:27:13
23,1177,1908,价值观不合,2025-09-02 09:27:13
24,614,1686,价值观不合,2025-06-23 09:27:13
25,291,739,骚扰信息,2025-08-30 09:27:13
26,364,1121,骚扰信息,2025-08-05 09:27:13
27,1084,466,价值观不合,2025-07-28 09:27:13
28,1061,1225,虚假资料,2025-08-18 09:27:13
29,846,185,价值观不合,2025-07-21 09:27:13
30,1521,916,虚假资料,2025-09-02 09:27:13
31,1641,1610,价值观不合,2025-07-05 09:27:13
32,218,952,虚假资料,2025-08-30 09:27:13
33,1289,136,骚扰信息,2025-08-27 09:27:13
34,821,1972,价值观不合,2025-08-27 09:27:13
35,162,5,骚扰信息,2025-06-24 09:27:13
36,1741,133,骚扰信息,2025-06-19 09:27:13
37,1791,346,骚扰信息,2025-09-03 09:27:13
38,399,179,骚扰信息,2025-07-09 09:27:13
39,1143,1410,骚扰信息,2025-07-03 09:27:13
40,303,795,虚假资料,2025-08-18 09:27:13
41,216,229,虚假资料,2025-07-17 09:27:13
42,911,1232,价值观不合,2025-07-10 09:27:13
43,1415,490,价值观不合,2025-07-29 09:27:13
44,1575,1574,骚扰信息,2025-08-17 09:27:13
45,140,1308,虚假资料,2025-06-23 09:27:13
46,307,1520,价值观不合,2025-09-01 09:27:13
47,1708,1181,虚假资料,2025-07-23 09:27:13
48,1050,3,骚扰信息,2025-09-10 09:27:13
49,853,335,虚假资料,2025-09-14 09:27:13
50,950,728,价值观不合,2025-08-27 09:27:13
51,1048,1019,虚假资料,2025-09-12 09:27:13
52,1530,178,虚假资料,2025-07-01 09:27:13
53,358,1424,虚假资料,2025-06-26 09:27:13
54,20,920,骚扰信息,2025-07-11 09:27:13
55,125,1811,虚假资料,2025-06-19 09:27:13
56,1972,1158,价值观不合,2025-07-26 09:27:13
57,769,1825,骚扰信息,2025-07-03 09:27:13
58,1278,1484,价值观不合,2025-07-06 09:27:13
59,1153,1199,虚假资料,2025-06-28 09:27:13
60,1380,1745,虚假资料,2025-08-03 09:27:13
61,1964,64,骚扰信息,2025-07-20 09:27:13
62,659,1164,骚扰信息,2025-08-08 09:27:13
63,757,1983,骚扰信息,2025-07-18 09:27:13
64,732,1330,虚假资料,2025-08-02 09:27:13
65,251,1156,骚扰信息,2025-09-04 09:27:13
66,695,210,虚假资料,2025-09-10 09:27:13
67,1398,393,虚假资料,2025-06-19 09:27:13
68,1391,746,虚假资料,2025-08-06 09:27:13
69,1920,105,骚扰信息,2025-08-16 09:27:13
70,1327,1588,虚假资料,2025-07-03 09:27:13
71,1627,923,价值观不合,2025-08-04 09:27:13
72,202,460,虚假资料,2025-07-10 09:27:13
73,259,781,价值观不合,2025-06-30 09:27:13
74,1393,1302,骚扰信息,2025-08-16 09:27:13
75,1833,834,骚扰信息,2025-07-22 09:27:13
76,98,981,骚扰信息,2025-08-25 09:27:13
77,879,68,价值观不合,2025-07-16 09:27:13
78,1299,1624,价值观不合,2025-08-19 09:27:13
79,1547,1981,价值观不合,2025-07-07 09:27:13
80,615,1314,骚扰信息,2025-08-03 09:27:13
81,1984,958,价值观不合,2025-08-23 09:27:13
82,706,1311,骚扰信息,2025-06-17 09:27:13
83,1399,1796,骚扰信息,2025-09-05 09:27:13
84,212,1719,骚扰信息,2025-08-29 09:27:13
85,356,486,骚扰信息,2025-07-10 09:27:13
86,454,1332,骚扰信息,2025-08-30 09:27:13
87,71,1769,虚假资料,2025-07-21 09:27:13
88,160,1176,价值观不合,2025-08-02 09:27:13
89,1580,1194,虚假资料,2025-07-29 09:27:13
90,1496,1001,价值观不合,2025-08-04 09:27:13
91,1229,1279,虚假资料,2025-07-30 09:27:13
92,1995,528,价值观不合,2025-07-10 09:27:13
93,868,368,虚假资料,2025-08-29 09:27:13
94,1150,1787,价值观不合,2025-07-06 09:27:13
95,1629,40,价值观不合,2025-08-31 09:27:13
96,317,1755,骚扰信息,2025-08-13 09:27:13
97,1774,1280,骚扰信息,2025-08-30 09:27:13
98,1318,1635,价值观不合,2025-09-02 09:27:13
99,808,738,骚扰信息,2025-07-18 09:27:13
100,1662,35,骚扰信息,2025-07-15 09:27:13
