id,user_id,plan_code,status,start_at,end_at,created_at
1,1,vip,active,2025-06-17 11:04:02,2025-07-05 11:04:02,2025-06-17 11:04:02
2,2,vip,active,2025-06-16 11:04:02,2025-08-12 11:04:02,2025-06-16 11:04:02
3,3,vip,active,2025-08-08 11:04:02,2025-10-29 11:04:02,2025-08-08 11:04:02
4,4,vip_plus,active,2025-07-05 11:04:02,2025-09-19 11:04:02,2025-07-05 11:04:02
5,6,vip_plus,active,2025-07-14 11:04:02,2025-10-01 11:04:02,2025-07-14 11:04:02
6,7,vip_plus,active,2025-06-15 11:04:02,2025-08-03 11:04:02,2025-06-15 11:04:02
7,9,vip_plus,active,2025-07-10 11:04:02,2025-08-27 11:04:02,2025-07-10 11:04:02
8,10,vip_plus,active,2025-06-23 11:04:02,2025-08-13 11:04:02,2025-06-23 11:04:02
9,14,vip,active,2025-09-04 11:04:02,2025-09-19 11:04:02,2025-09-04 11:04:02
10,16,vip,active,2025-07-23 11:04:02,2025-09-13 11:04:02,2025-07-23 11:04:02
11,20,vip,active,2025-06-15 11:04:02,2025-09-01 11:04:02,2025-06-15 11:04:02
12,21,vip_plus,active,2025-07-25 11:04:02,2025-09-15 11:04:02,2025-07-25 11:04:02
13,23,vip_plus,active,2025-08-06 11:04:02,2025-08-21 11:04:02,2025-08-06 11:04:02
14,24,vip,active,2025-07-06 11:04:02,2025-08-19 11:04:02,2025-07-06 11:04:02
15,27,vip,active,2025-06-24 11:04:02,2025-07-30 11:04:02,2025-06-24 11:04:02
16,30,vip_plus,active,2025-07-03 11:04:02,2025-08-20 11:04:02,2025-07-03 11:04:02
17,32,vip_plus,active,2025-09-06 11:04:02,2025-11-16 11:04:02,2025-09-06 11:04:02
18,33,vip,active,2025-08-06 11:04:02,2025-10-10 11:04:02,2025-08-06 11:04:02
19,41,vip,active,2025-07-08 11:04:02,2025-07-31 11:04:02,2025-07-08 11:04:02
20,51,vip,active,2025-08-30 11:04:02,2025-09-19 11:04:02,2025-08-30 11:04:02
21,54,vip,active,2025-06-27 11:04:02,2025-09-11 11:04:02,2025-06-27 11:04:02
22,55,vip_plus,active,2025-06-16 11:04:02,2025-07-01 11:04:02,2025-06-16 11:04:02
23,59,vip_plus,active,2025-08-25 11:04:02,2025-10-16 11:04:02,2025-08-25 11:04:02
24,62,vip_plus,active,2025-06-16 11:04:02,2025-09-13 11:04:02,2025-06-16 11:04:02
25,66,vip_plus,active,2025-09-02 11:04:02,2025-09-20 11:04:02,2025-09-02 11:04:02
26,69,vip,active,2025-07-15 11:04:02,2025-10-02 11:04:02,2025-07-15 11:04:02
27,72,vip,active,2025-08-16 11:04:02,2025-10-22 11:04:02,2025-08-16 11:04:02
28,78,vip_plus,active,2025-08-01 11:04:02,2025-10-12 11:04:02,2025-08-01 11:04:02
29,79,vip,active,2025-07-04 11:04:02,2025-08-04 11:04:02,2025-07-04 11:04:02
30,82,vip_plus,active,2025-07-28 11:04:02,2025-09-26 11:04:02,2025-07-28 11:04:02
31,83,vip,active,2025-06-25 11:04:02,2025-08-15 11:04:02,2025-06-25 11:04:02
32,84,vip_plus,active,2025-08-18 11:04:02,2025-09-15 11:04:02,2025-08-18 11:04:02
33,94,vip,active,2025-07-04 11:04:02,2025-09-24 11:04:02,2025-07-04 11:04:02
34,96,vip_plus,active,2025-08-03 11:04:02,2025-10-20 11:04:02,2025-08-03 11:04:02
35,97,vip,active,2025-06-18 11:04:02,2025-09-11 11:04:02,2025-06-18 11:04:02
36,105,vip_plus,active,2025-07-26 11:04:02,2025-09-22 11:04:02,2025-07-26 11:04:02
37,110,vip_plus,active,2025-07-29 11:04:02,2025-09-28 11:04:02,2025-07-29 11:04:02
38,112,vip,active,2025-08-08 11:04:02,2025-09-21 11:04:02,2025-08-08 11:04:02
39,114,vip_plus,active,2025-07-20 11:04:02,2025-09-04 11:04:02,2025-07-20 11:04:02
40,120,vip,active,2025-06-28 11:04:02,2025-08-12 11:04:02,2025-06-28 11:04:02
41,121,vip_plus,active,2025-08-13 11:04:02,2025-10-21 11:04:02,2025-08-13 11:04:02
42,122,vip_plus,active,2025-06-26 11:04:02,2025-09-05 11:04:02,2025-06-26 11:04:02
43,124,vip_plus,active,2025-08-16 11:04:02,2025-10-31 11:04:02,2025-08-16 11:04:02
44,125,vip_plus,active,2025-09-01 11:04:02,2025-09-28 11:04:02,2025-09-01 11:04:02
45,127,vip,active,2025-06-11 11:04:02,2025-08-30 11:04:02,2025-06-11 11:04:02
46,132,vip,active,2025-08-18 11:04:02,2025-09-27 11:04:02,2025-08-18 11:04:02
47,134,vip_plus,active,2025-08-11 11:04:02,2025-10-24 11:04:02,2025-08-11 11:04:02
48,141,vip_plus,active,2025-08-28 11:04:02,2025-09-30 11:04:02,2025-08-28 11:04:02
49,143,vip,active,2025-07-07 11:04:02,2025-09-03 11:04:02,2025-07-07 11:04:02
50,145,vip_plus,active,2025-07-29 11:04:02,2025-09-29 11:04:02,2025-07-29 11:04:02
51,150,vip,active,2025-07-05 11:04:02,2025-09-10 11:04:02,2025-07-05 11:04:02
52,151,vip,active,2025-08-17 11:04:02,2025-09-06 11:04:02,2025-08-17 11:04:02
53,152,vip,active,2025-07-20 11:04:02,2025-09-27 11:04:02,2025-07-20 11:04:02
54,155,vip_plus,active,2025-07-10 11:04:02,2025-09-26 11:04:02,2025-07-10 11:04:02
55,159,vip_plus,active,2025-06-23 11:04:02,2025-08-19 11:04:02,2025-06-23 11:04:02
56,161,vip,active,2025-08-19 11:04:02,2025-09-21 11:04:02,2025-08-19 11:04:02
57,164,vip,active,2025-07-14 11:04:02,2025-09-02 11:04:02,2025-07-14 11:04:02
58,167,vip_plus,active,2025-08-04 11:04:02,2025-09-24 11:04:02,2025-08-04 11:04:02
59,169,vip,active,2025-08-27 11:04:02,2025-09-15 11:04:02,2025-08-27 11:04:02
60,172,vip_plus,active,2025-08-31 11:04:02,2025-10-27 11:04:02,2025-08-31 11:04:02
61,175,vip_plus,active,2025-08-22 11:04:02,2025-09-21 11:04:02,2025-08-22 11:04:02
62,176,vip,active,2025-07-05 11:04:02,2025-08-08 11:04:02,2025-07-05 11:04:02
63,180,vip_plus,active,2025-08-08 11:04:02,2025-10-22 11:04:02,2025-08-08 11:04:02
64,183,vip,active,2025-06-26 11:04:02,2025-08-21 11:04:02,2025-06-26 11:04:02
65,189,vip_plus,active,2025-08-24 11:04:02,2025-11-16 11:04:02,2025-08-24 11:04:02
66,193,vip_plus,active,2025-09-07 11:04:02,2025-11-21 11:04:02,2025-09-07 11:04:02
67,195,vip_plus,active,2025-07-13 11:04:02,2025-10-05 11:04:02,2025-07-13 11:04:02
68,198,vip_plus,active,2025-07-03 11:04:02,2025-08-24 11:04:02,2025-07-03 11:04:02
69,200,vip_plus,active,2025-07-03 11:04:02,2025-07-26 11:04:02,2025-07-03 11:04:02
70,201,vip_plus,active,2025-06-22 11:04:02,2025-08-24 11:04:02,2025-06-22 11:04:02
71,207,vip_plus,active,2025-09-08 11:04:02,2025-10-29 11:04:02,2025-09-08 11:04:02
72,208,vip_plus,active,2025-08-18 11:04:02,2025-10-16 11:04:02,2025-08-18 11:04:02
73,210,vip,active,2025-08-24 11:04:02,2025-11-22 11:04:02,2025-08-24 11:04:02
74,215,vip_plus,active,2025-07-24 11:04:02,2025-10-15 11:04:02,2025-07-24 11:04:02
75,217,vip_plus,active,2025-07-04 11:04:02,2025-09-08 11:04:02,2025-07-04 11:04:02
76,218,vip_plus,active,2025-07-08 11:04:02,2025-09-01 11:04:02,2025-07-08 11:04:02
77,219,vip_plus,active,2025-08-20 11:04:02,2025-11-13 11:04:02,2025-08-20 11:04:02
78,226,vip,active,2025-06-20 11:04:02,2025-08-22 11:04:02,2025-06-20 11:04:02
79,227,vip_plus,active,2025-08-12 11:04:02,2025-10-11 11:04:02,2025-08-12 11:04:02
80,229,vip,active,2025-07-27 11:04:02,2025-09-03 11:04:02,2025-07-27 11:04:02
81,231,vip,active,2025-07-19 11:04:02,2025-09-14 11:04:02,2025-07-19 11:04:02
82,232,vip_plus,active,2025-07-08 11:04:02,2025-07-24 11:04:02,2025-07-08 11:04:02
83,236,vip,active,2025-07-03 11:04:02,2025-09-04 11:04:02,2025-07-03 11:04:02
84,238,vip,active,2025-08-13 11:04:02,2025-11-04 11:04:02,2025-08-13 11:04:02
85,239,vip_plus,active,2025-07-28 11:04:02,2025-08-21 11:04:02,2025-07-28 11:04:02
86,240,vip,active,2025-07-16 11:04:02,2025-08-23 11:04:02,2025-07-16 11:04:02
87,244,vip,active,2025-09-07 11:04:02,2025-10-12 11:04:02,2025-09-07 11:04:02
88,245,vip_plus,active,2025-06-24 11:04:02,2025-07-13 11:04:02,2025-06-24 11:04:02
89,246,vip,active,2025-08-26 11:04:02,2025-09-25 11:04:02,2025-08-26 11:04:02
90,248,vip,active,2025-07-24 11:04:02,2025-09-02 11:04:02,2025-07-24 11:04:02
91,249,vip_plus,active,2025-09-02 11:04:02,2025-10-22 11:04:02,2025-09-02 11:04:02
92,251,vip,active,2025-06-30 11:04:02,2025-09-07 11:04:02,2025-06-30 11:04:02
93,252,vip,active,2025-06-14 11:04:02,2025-08-26 11:04:02,2025-06-14 11:04:02
94,253,vip_plus,active,2025-07-20 11:04:02,2025-08-21 11:04:02,2025-07-20 11:04:02
95,257,vip,active,2025-07-11 11:04:02,2025-10-03 11:04:02,2025-07-11 11:04:02
96,266,vip,active,2025-08-25 11:04:02,2025-10-04 11:04:02,2025-08-25 11:04:02
97,271,vip,active,2025-07-15 11:04:02,2025-09-29 11:04:02,2025-07-15 11:04:02
98,274,vip_plus,active,2025-08-31 11:04:02,2025-11-10 11:04:02,2025-08-31 11:04:02
99,277,vip_plus,active,2025-07-17 11:04:02,2025-09-13 11:04:02,2025-07-17 11:04:02
100,283,vip,active,2025-08-30 11:04:02,2025-11-22 11:04:02,2025-08-30 11:04:02
101,288,vip_plus,active,2025-08-26 11:04:02,2025-11-06 11:04:02,2025-08-26 11:04:02
102,295,vip_plus,active,2025-07-21 11:04:02,2025-10-18 11:04:02,2025-07-21 11:04:02
103,298,vip,active,2025-08-31 11:04:02,2025-10-18 11:04:02,2025-08-31 11:04:02
104,301,vip_plus,active,2025-06-28 11:04:02,2025-08-31 11:04:02,2025-06-28 11:04:02
105,302,vip_plus,active,2025-07-15 11:04:02,2025-09-19 11:04:02,2025-07-15 11:04:02
106,308,vip,active,2025-06-25 11:04:02,2025-08-21 11:04:02,2025-06-25 11:04:02
107,309,vip,active,2025-06-13 11:04:02,2025-07-18 11:04:02,2025-06-13 11:04:02
108,310,vip_plus,active,2025-06-16 11:04:02,2025-08-29 11:04:02,2025-06-16 11:04:02
109,311,vip,active,2025-09-01 11:04:02,2025-11-18 11:04:02,2025-09-01 11:04:02
110,313,vip,active,2025-08-16 11:04:02,2025-10-10 11:04:02,2025-08-16 11:04:02
111,321,vip,active,2025-06-16 11:04:02,2025-08-05 11:04:02,2025-06-16 11:04:02
112,322,vip,active,2025-07-21 11:04:02,2025-08-18 11:04:02,2025-07-21 11:04:02
113,327,vip_plus,active,2025-08-25 11:04:02,2025-11-14 11:04:02,2025-08-25 11:04:02
114,330,vip_plus,active,2025-08-25 11:04:02,2025-09-28 11:04:02,2025-08-25 11:04:02
115,331,vip_plus,active,2025-06-18 11:04:02,2025-08-08 11:04:02,2025-06-18 11:04:02
116,332,vip,active,2025-08-18 11:04:02,2025-09-26 11:04:02,2025-08-18 11:04:02
117,338,vip,active,2025-07-01 11:04:02,2025-09-04 11:04:02,2025-07-01 11:04:02
118,339,vip_plus,active,2025-06-18 11:04:02,2025-08-20 11:04:02,2025-06-18 11:04:02
119,344,vip,active,2025-08-03 11:04:02,2025-10-29 11:04:02,2025-08-03 11:04:02
120,345,vip,active,2025-08-15 11:04:02,2025-10-02 11:04:02,2025-08-15 11:04:02
121,346,vip_plus,active,2025-08-16 11:04:02,2025-09-05 11:04:02,2025-08-16 11:04:02
122,348,vip,active,2025-08-02 11:04:02,2025-10-16 11:04:02,2025-08-02 11:04:02
123,351,vip,active,2025-07-12 11:04:02,2025-09-22 11:04:02,2025-07-12 11:04:02
124,354,vip_plus,active,2025-08-25 11:04:02,2025-09-29 11:04:02,2025-08-25 11:04:02
125,356,vip_plus,active,2025-06-12 11:04:02,2025-07-13 11:04:02,2025-06-12 11:04:02
126,357,vip_plus,active,2025-07-28 11:04:02,2025-09-06 11:04:02,2025-07-28 11:04:02
127,364,vip_plus,active,2025-07-04 11:04:02,2025-10-01 11:04:02,2025-07-04 11:04:02
128,365,vip,active,2025-07-25 11:04:02,2025-08-24 11:04:02,2025-07-25 11:04:02
129,366,vip_plus,active,2025-08-11 11:04:02,2025-10-17 11:04:02,2025-08-11 11:04:02
130,367,vip_plus,active,2025-06-27 11:04:02,2025-07-31 11:04:02,2025-06-27 11:04:02
131,368,vip_plus,active,2025-07-24 11:04:02,2025-08-26 11:04:02,2025-07-24 11:04:02
132,369,vip,active,2025-07-07 11:04:02,2025-09-13 11:04:02,2025-07-07 11:04:02
133,382,vip_plus,active,2025-06-14 11:04:02,2025-09-07 11:04:02,2025-06-14 11:04:02
134,383,vip,active,2025-08-24 11:04:02,2025-11-13 11:04:02,2025-08-24 11:04:02
135,384,vip_plus,active,2025-08-27 11:04:02,2025-11-24 11:04:02,2025-08-27 11:04:02
136,386,vip,active,2025-07-15 11:04:02,2025-09-11 11:04:02,2025-07-15 11:04:02
137,390,vip,active,2025-09-05 11:04:02,2025-10-04 11:04:02,2025-09-05 11:04:02
138,392,vip,active,2025-07-16 11:04:02,2025-09-01 11:04:02,2025-07-16 11:04:02
139,395,vip,active,2025-06-13 11:04:02,2025-07-06 11:04:02,2025-06-13 11:04:02
140,396,vip_plus,active,2025-08-19 11:04:02,2025-11-04 11:04:02,2025-08-19 11:04:02
141,399,vip,active,2025-07-10 11:04:02,2025-09-17 11:04:02,2025-07-10 11:04:02
142,402,vip_plus,active,2025-08-26 11:04:02,2025-10-03 11:04:02,2025-08-26 11:04:02
143,404,vip,active,2025-08-30 11:04:02,2025-09-24 11:04:02,2025-08-30 11:04:02
144,406,vip_plus,active,2025-06-14 11:04:02,2025-07-30 11:04:02,2025-06-14 11:04:02
145,407,vip,active,2025-07-22 11:04:02,2025-09-30 11:04:02,2025-07-22 11:04:02
146,408,vip,active,2025-08-05 11:04:02,2025-10-01 11:04:02,2025-08-05 11:04:02
147,410,vip,active,2025-08-27 11:04:02,2025-11-19 11:04:02,2025-08-27 11:04:02
148,411,vip,active,2025-06-20 11:04:02,2025-09-04 11:04:02,2025-06-20 11:04:02
149,419,vip_plus,active,2025-08-27 11:04:02,2025-09-23 11:04:02,2025-08-27 11:04:02
150,423,vip,active,2025-07-02 11:04:02,2025-07-20 11:04:02,2025-07-02 11:04:02
151,425,vip_plus,active,2025-07-27 11:04:02,2025-08-21 11:04:02,2025-07-27 11:04:02
152,427,vip_plus,active,2025-06-16 11:04:02,2025-08-03 11:04:02,2025-06-16 11:04:02
153,428,vip_plus,active,2025-06-12 11:04:02,2025-07-01 11:04:02,2025-06-12 11:04:02
154,432,vip,active,2025-06-16 11:04:02,2025-09-07 11:04:02,2025-06-16 11:04:02
155,440,vip_plus,active,2025-07-19 11:04:02,2025-08-23 11:04:02,2025-07-19 11:04:02
156,444,vip_plus,active,2025-09-02 11:04:02,2025-11-15 11:04:02,2025-09-02 11:04:02
157,446,vip_plus,active,2025-08-27 11:04:02,2025-10-09 11:04:02,2025-08-27 11:04:02
158,449,vip_plus,active,2025-08-26 11:04:02,2025-11-17 11:04:02,2025-08-26 11:04:02
159,457,vip_plus,active,2025-08-02 11:04:02,2025-10-13 11:04:02,2025-08-02 11:04:02
160,458,vip_plus,active,2025-08-30 11:04:02,2025-10-13 11:04:02,2025-08-30 11:04:02
161,461,vip,active,2025-08-01 11:04:02,2025-09-12 11:04:02,2025-08-01 11:04:02
162,463,vip,active,2025-07-08 11:04:02,2025-08-27 11:04:02,2025-07-08 11:04:02
163,468,vip,active,2025-08-19 11:04:02,2025-11-16 11:04:02,2025-08-19 11:04:02
164,472,vip_plus,active,2025-08-28 11:04:02,2025-09-21 11:04:02,2025-08-28 11:04:02
165,481,vip,active,2025-07-10 11:04:02,2025-10-08 11:04:02,2025-07-10 11:04:02
166,484,vip,active,2025-06-24 11:04:02,2025-09-04 11:04:02,2025-06-24 11:04:02
167,487,vip,active,2025-08-20 11:04:02,2025-11-02 11:04:02,2025-08-20 11:04:02
168,489,vip,active,2025-07-01 11:04:02,2025-09-29 11:04:02,2025-07-01 11:04:02
169,491,vip,active,2025-08-01 11:04:02,2025-09-08 11:04:02,2025-08-01 11:04:02
170,493,vip_plus,active,2025-08-20 11:04:02,2025-10-11 11:04:02,2025-08-20 11:04:02
171,499,vip_plus,active,2025-06-17 11:04:02,2025-07-23 11:04:02,2025-06-17 11:04:02
172,507,vip_plus,active,2025-08-14 11:04:02,2025-09-24 11:04:02,2025-08-14 11:04:02
173,508,vip,active,2025-08-24 11:04:02,2025-11-10 11:04:02,2025-08-24 11:04:02
174,513,vip,active,2025-09-04 11:04:02,2025-10-25 11:04:02,2025-09-04 11:04:02
175,516,vip_plus,active,2025-07-16 11:04:02,2025-09-23 11:04:02,2025-07-16 11:04:02
176,521,vip_plus,active,2025-07-07 11:04:02,2025-09-28 11:04:02,2025-07-07 11:04:02
177,524,vip,active,2025-08-18 11:04:02,2025-10-08 11:04:02,2025-08-18 11:04:02
178,528,vip,active,2025-09-04 11:04:02,2025-10-30 11:04:02,2025-09-04 11:04:02
179,532,vip_plus,active,2025-07-15 11:04:02,2025-09-26 11:04:02,2025-07-15 11:04:02
180,534,vip_plus,active,2025-07-27 11:04:02,2025-10-15 11:04:02,2025-07-27 11:04:02
181,535,vip,active,2025-07-05 11:04:02,2025-08-31 11:04:02,2025-07-05 11:04:02
182,539,vip_plus,active,2025-08-04 11:04:02,2025-10-24 11:04:02,2025-08-04 11:04:02
183,540,vip,active,2025-09-05 11:04:02,2025-09-24 11:04:02,2025-09-05 11:04:02
184,544,vip,active,2025-09-06 11:04:02,2025-11-14 11:04:02,2025-09-06 11:04:02
185,545,vip_plus,active,2025-08-26 11:04:02,2025-10-18 11:04:02,2025-08-26 11:04:02
186,546,vip,active,2025-07-08 11:04:02,2025-08-31 11:04:02,2025-07-08 11:04:02
187,549,vip,active,2025-06-19 11:04:02,2025-07-20 11:04:02,2025-06-19 11:04:02
188,559,vip_plus,active,2025-09-05 11:04:02,2025-10-31 11:04:02,2025-09-05 11:04:02
189,561,vip_plus,active,2025-07-17 11:04:02,2025-08-12 11:04:02,2025-07-17 11:04:02
190,563,vip_plus,active,2025-07-09 11:04:02,2025-08-21 11:04:02,2025-07-09 11:04:02
191,565,vip,active,2025-08-30 11:04:02,2025-09-24 11:04:02,2025-08-30 11:04:02
192,566,vip,active,2025-07-22 11:04:02,2025-08-29 11:04:02,2025-07-22 11:04:02
193,567,vip,active,2025-08-23 11:04:02,2025-09-15 11:04:02,2025-08-23 11:04:02
194,568,vip_plus,active,2025-07-31 11:04:02,2025-09-01 11:04:02,2025-07-31 11:04:02
195,569,vip_plus,active,2025-07-15 11:04:02,2025-09-17 11:04:02,2025-07-15 11:04:02
196,570,vip_plus,active,2025-09-01 11:04:02,2025-11-10 11:04:02,2025-09-01 11:04:02
197,571,vip,active,2025-08-05 11:04:02,2025-10-30 11:04:02,2025-08-05 11:04:02
198,578,vip,active,2025-07-09 11:04:02,2025-09-20 11:04:02,2025-07-09 11:04:02
199,582,vip_plus,active,2025-08-22 11:04:02,2025-11-10 11:04:02,2025-08-22 11:04:02
200,589,vip_plus,active,2025-07-16 11:04:02,2025-08-30 11:04:02,2025-07-16 11:04:02
201,591,vip_plus,active,2025-08-06 11:04:02,2025-09-03 11:04:02,2025-08-06 11:04:02
202,592,vip_plus,active,2025-09-07 11:04:02,2025-11-06 11:04:02,2025-09-07 11:04:02
203,593,vip,active,2025-06-12 11:04:02,2025-08-15 11:04:02,2025-06-12 11:04:02
204,598,vip,active,2025-08-16 11:04:02,2025-11-01 11:04:02,2025-08-16 11:04:02
205,599,vip_plus,active,2025-07-18 11:04:02,2025-08-17 11:04:02,2025-07-18 11:04:02
206,605,vip_plus,active,2025-07-21 11:04:02,2025-08-10 11:04:02,2025-07-21 11:04:02
207,608,vip_plus,active,2025-08-30 11:04:02,2025-11-19 11:04:02,2025-08-30 11:04:02
208,609,vip_plus,active,2025-08-22 11:04:02,2025-10-28 11:04:02,2025-08-22 11:04:02
209,611,vip,active,2025-08-10 11:04:02,2025-11-05 11:04:02,2025-08-10 11:04:02
210,612,vip_plus,active,2025-07-04 11:04:02,2025-09-22 11:04:02,2025-07-04 11:04:02
211,615,vip_plus,active,2025-08-10 11:04:02,2025-10-21 11:04:02,2025-08-10 11:04:02
212,618,vip,active,2025-08-27 11:04:02,2025-11-07 11:04:02,2025-08-27 11:04:02
213,621,vip_plus,active,2025-07-26 11:04:02,2025-09-08 11:04:02,2025-07-26 11:04:02
214,624,vip,active,2025-07-28 11:04:02,2025-09-02 11:04:02,2025-07-28 11:04:02
215,626,vip,active,2025-08-31 11:04:02,2025-11-01 11:04:02,2025-08-31 11:04:02
216,630,vip_plus,active,2025-08-27 11:04:02,2025-11-02 11:04:02,2025-08-27 11:04:02
217,638,vip_plus,active,2025-08-24 11:04:02,2025-10-08 11:04:02,2025-08-24 11:04:02
218,639,vip,active,2025-08-01 11:04:02,2025-10-30 11:04:02,2025-08-01 11:04:02
219,642,vip_plus,active,2025-08-13 11:04:02,2025-09-28 11:04:02,2025-08-13 11:04:02
220,644,vip,active,2025-07-16 11:04:02,2025-10-13 11:04:02,2025-07-16 11:04:02
221,647,vip,active,2025-08-27 11:04:02,2025-10-06 11:04:02,2025-08-27 11:04:02
222,649,vip_plus,active,2025-06-28 11:04:02,2025-08-28 11:04:02,2025-06-28 11:04:02
223,650,vip,active,2025-08-14 11:04:02,2025-10-02 11:04:02,2025-08-14 11:04:02
224,651,vip_plus,active,2025-07-30 11:04:02,2025-10-13 11:04:02,2025-07-30 11:04:02
225,660,vip_plus,active,2025-08-12 11:04:02,2025-10-11 11:04:02,2025-08-12 11:04:02
226,661,vip,active,2025-06-25 11:04:02,2025-07-10 11:04:02,2025-06-25 11:04:02
227,664,vip_plus,active,2025-08-30 11:04:02,2025-10-03 11:04:02,2025-08-30 11:04:02
228,665,vip,active,2025-07-28 11:04:02,2025-08-25 11:04:02,2025-07-28 11:04:02
229,667,vip_plus,active,2025-07-23 11:04:02,2025-08-07 11:04:02,2025-07-23 11:04:02
230,669,vip_plus,active,2025-07-29 11:04:02,2025-08-15 11:04:02,2025-07-29 11:04:02
231,673,vip,active,2025-08-16 11:04:02,2025-10-25 11:04:02,2025-08-16 11:04:02
232,679,vip,active,2025-08-15 11:04:02,2025-10-20 11:04:02,2025-08-15 11:04:02
233,682,vip_plus,active,2025-07-22 11:04:02,2025-10-08 11:04:02,2025-07-22 11:04:02
234,687,vip,active,2025-06-26 11:04:02,2025-07-28 11:04:02,2025-06-26 11:04:02
235,688,vip,active,2025-06-21 11:04:02,2025-09-14 11:04:02,2025-06-21 11:04:02
236,689,vip,active,2025-07-24 11:04:02,2025-09-28 11:04:02,2025-07-24 11:04:02
237,692,vip,active,2025-07-24 11:04:02,2025-09-14 11:04:02,2025-07-24 11:04:02
238,694,vip,active,2025-08-20 11:04:02,2025-10-02 11:04:02,2025-08-20 11:04:02
239,699,vip,active,2025-07-06 11:04:02,2025-09-09 11:04:02,2025-07-06 11:04:02
240,704,vip,active,2025-06-23 11:04:02,2025-08-07 11:04:02,2025-06-23 11:04:02
241,706,vip,active,2025-07-27 11:04:02,2025-10-04 11:04:02,2025-07-27 11:04:02
242,707,vip_plus,active,2025-06-23 11:04:02,2025-09-14 11:04:02,2025-06-23 11:04:02
243,709,vip_plus,active,2025-08-29 11:04:02,2025-11-20 11:04:02,2025-08-29 11:04:02
244,710,vip,active,2025-06-27 11:04:02,2025-09-07 11:04:02,2025-06-27 11:04:02
245,716,vip,active,2025-06-20 11:04:02,2025-08-13 11:04:02,2025-06-20 11:04:02
246,717,vip_plus,active,2025-08-02 11:04:02,2025-10-12 11:04:02,2025-08-02 11:04:02
247,718,vip_plus,active,2025-08-31 11:04:02,2025-10-20 11:04:02,2025-08-31 11:04:02
248,719,vip_plus,active,2025-07-29 11:04:02,2025-10-11 11:04:02,2025-07-29 11:04:02
249,720,vip_plus,active,2025-07-21 11:04:02,2025-09-12 11:04:02,2025-07-21 11:04:02
250,727,vip,active,2025-07-04 11:04:02,2025-09-25 11:04:02,2025-07-04 11:04:02
251,734,vip_plus,active,2025-06-13 11:04:02,2025-07-26 11:04:02,2025-06-13 11:04:02
252,738,vip,active,2025-08-12 11:04:02,2025-11-03 11:04:02,2025-08-12 11:04:02
253,740,vip_plus,active,2025-07-21 11:04:02,2025-08-21 11:04:02,2025-07-21 11:04:02
254,743,vip,active,2025-08-29 11:04:02,2025-11-06 11:04:02,2025-08-29 11:04:02
255,750,vip_plus,active,2025-07-05 11:04:02,2025-09-20 11:04:02,2025-07-05 11:04:02
256,752,vip_plus,active,2025-08-19 11:04:02,2025-10-13 11:04:02,2025-08-19 11:04:02
257,753,vip,active,2025-07-31 11:04:02,2025-10-03 11:04:02,2025-07-31 11:04:02
258,756,vip_plus,active,2025-09-04 11:04:02,2025-11-10 11:04:02,2025-09-04 11:04:02
259,757,vip_plus,active,2025-09-06 11:04:02,2025-10-14 11:04:02,2025-09-06 11:04:02
260,758,vip_plus,active,2025-08-20 11:04:02,2025-10-10 11:04:02,2025-08-20 11:04:02
261,759,vip_plus,active,2025-08-19 11:04:02,2025-09-17 11:04:02,2025-08-19 11:04:02
262,760,vip,active,2025-08-12 11:04:02,2025-10-29 11:04:02,2025-08-12 11:04:02
263,761,vip_plus,active,2025-08-26 11:04:02,2025-10-09 11:04:02,2025-08-26 11:04:02
264,763,vip,active,2025-08-25 11:04:02,2025-11-01 11:04:02,2025-08-25 11:04:02
265,764,vip,active,2025-08-09 11:04:02,2025-10-25 11:04:02,2025-08-09 11:04:02
266,767,vip,active,2025-07-06 11:04:02,2025-07-29 11:04:02,2025-07-06 11:04:02
267,768,vip_plus,active,2025-08-17 11:04:02,2025-10-29 11:04:02,2025-08-17 11:04:02
268,769,vip,active,2025-07-05 11:04:02,2025-09-29 11:04:02,2025-07-05 11:04:02
269,772,vip_plus,active,2025-08-15 11:04:02,2025-10-13 11:04:02,2025-08-15 11:04:02
270,776,vip,active,2025-07-26 11:04:02,2025-10-22 11:04:02,2025-07-26 11:04:02
271,779,vip_plus,active,2025-08-30 11:04:02,2025-09-28 11:04:02,2025-08-30 11:04:02
272,780,vip,active,2025-07-14 11:04:02,2025-09-16 11:04:02,2025-07-14 11:04:02
273,782,vip,active,2025-07-24 11:04:02,2025-08-31 11:04:02,2025-07-24 11:04:02
274,785,vip,active,2025-07-17 11:04:02,2025-10-13 11:04:02,2025-07-17 11:04:02
275,791,vip_plus,active,2025-07-11 11:04:02,2025-09-03 11:04:02,2025-07-11 11:04:02
276,795,vip_plus,active,2025-07-30 11:04:02,2025-08-24 11:04:02,2025-07-30 11:04:02
277,798,vip,active,2025-07-25 11:04:02,2025-10-08 11:04:02,2025-07-25 11:04:02
278,800,vip,active,2025-06-30 11:04:02,2025-09-02 11:04:02,2025-06-30 11:04:02
279,801,vip_plus,active,2025-08-10 11:04:02,2025-11-08 11:04:02,2025-08-10 11:04:02
280,803,vip,active,2025-07-30 11:04:02,2025-10-08 11:04:02,2025-07-30 11:04:02
281,807,vip_plus,active,2025-08-13 11:04:02,2025-09-08 11:04:02,2025-08-13 11:04:02
282,812,vip_plus,active,2025-08-06 11:04:02,2025-09-11 11:04:02,2025-08-06 11:04:02
283,814,vip,active,2025-08-06 11:04:02,2025-09-22 11:04:02,2025-08-06 11:04:02
284,817,vip_plus,active,2025-07-31 11:04:02,2025-09-21 11:04:02,2025-07-31 11:04:02
285,820,vip_plus,active,2025-08-29 11:04:02,2025-11-24 11:04:02,2025-08-29 11:04:02
286,823,vip,active,2025-06-16 11:04:02,2025-07-16 11:04:02,2025-06-16 11:04:02
287,824,vip,active,2025-08-15 11:04:02,2025-10-06 11:04:02,2025-08-15 11:04:02
288,826,vip,active,2025-08-16 11:04:02,2025-09-29 11:04:02,2025-08-16 11:04:02
289,827,vip,active,2025-08-19 11:04:02,2025-09-22 11:04:02,2025-08-19 11:04:02
290,828,vip,active,2025-06-27 11:04:02,2025-07-18 11:04:02,2025-06-27 11:04:02
291,833,vip,active,2025-08-29 11:04:02,2025-11-08 11:04:02,2025-08-29 11:04:02
292,834,vip_plus,active,2025-06-24 11:04:02,2025-08-30 11:04:02,2025-06-24 11:04:02
293,836,vip_plus,active,2025-06-18 11:04:02,2025-09-04 11:04:02,2025-06-18 11:04:02
294,837,vip_plus,active,2025-06-19 11:04:02,2025-08-06 11:04:02,2025-06-19 11:04:02
295,839,vip,active,2025-06-11 11:04:02,2025-08-31 11:04:02,2025-06-11 11:04:02
296,851,vip,active,2025-08-24 11:04:02,2025-10-20 11:04:02,2025-08-24 11:04:02
297,856,vip,active,2025-08-29 11:04:02,2025-09-25 11:04:02,2025-08-29 11:04:02
298,860,vip,active,2025-08-16 11:04:02,2025-09-20 11:04:02,2025-08-16 11:04:02
299,862,vip_plus,active,2025-07-09 11:04:02,2025-09-05 11:04:02,2025-07-09 11:04:02
300,863,vip,active,2025-07-31 11:04:02,2025-10-15 11:04:02,2025-07-31 11:04:02
301,866,vip_plus,active,2025-07-10 11:04:02,2025-10-02 11:04:02,2025-07-10 11:04:02
302,870,vip,active,2025-08-05 11:04:02,2025-08-28 11:04:02,2025-08-05 11:04:02
303,871,vip_plus,active,2025-07-24 11:04:02,2025-09-14 11:04:02,2025-07-24 11:04:02
304,878,vip,active,2025-08-30 11:04:02,2025-09-15 11:04:02,2025-08-30 11:04:02
305,879,vip_plus,active,2025-09-06 11:04:02,2025-09-27 11:04:02,2025-09-06 11:04:02
306,883,vip,active,2025-08-14 11:04:02,2025-10-22 11:04:02,2025-08-14 11:04:02
307,885,vip,active,2025-07-16 11:04:02,2025-08-31 11:04:02,2025-07-16 11:04:02
308,889,vip,active,2025-09-02 11:04:02,2025-10-26 11:04:02,2025-09-02 11:04:02
309,891,vip,active,2025-08-21 11:04:02,2025-10-20 11:04:02,2025-08-21 11:04:02
310,894,vip_plus,active,2025-08-16 11:04:02,2025-09-29 11:04:02,2025-08-16 11:04:02
311,895,vip_plus,active,2025-06-16 11:04:02,2025-08-05 11:04:02,2025-06-16 11:04:02
312,896,vip_plus,active,2025-08-17 11:04:02,2025-10-10 11:04:02,2025-08-17 11:04:02
313,897,vip,active,2025-08-12 11:04:02,2025-11-02 11:04:02,2025-08-12 11:04:02
314,898,vip_plus,active,2025-06-11 11:04:02,2025-09-06 11:04:02,2025-06-11 11:04:02
315,899,vip_plus,active,2025-06-17 11:04:02,2025-09-14 11:04:02,2025-06-17 11:04:02
316,902,vip,active,2025-07-21 11:04:02,2025-09-09 11:04:02,2025-07-21 11:04:02
317,903,vip,active,2025-07-29 11:04:02,2025-08-25 11:04:02,2025-07-29 11:04:02
318,910,vip_plus,active,2025-06-25 11:04:02,2025-07-14 11:04:02,2025-06-25 11:04:02
319,913,vip,active,2025-06-30 11:04:02,2025-08-08 11:04:02,2025-06-30 11:04:02
320,914,vip,active,2025-06-23 11:04:02,2025-07-17 11:04:02,2025-06-23 11:04:02
321,922,vip_plus,active,2025-08-02 11:04:02,2025-10-04 11:04:02,2025-08-02 11:04:02
322,923,vip_plus,active,2025-06-15 11:04:02,2025-08-10 11:04:02,2025-06-15 11:04:02
323,924,vip,active,2025-07-09 11:04:02,2025-08-15 11:04:02,2025-07-09 11:04:02
324,926,vip,active,2025-07-18 11:04:02,2025-10-03 11:04:02,2025-07-18 11:04:02
325,928,vip,active,2025-08-10 11:04:02,2025-09-26 11:04:02,2025-08-10 11:04:02
326,929,vip,active,2025-07-08 11:04:02,2025-09-19 11:04:02,2025-07-08 11:04:02
327,937,vip_plus,active,2025-06-19 11:04:02,2025-07-13 11:04:02,2025-06-19 11:04:02
328,940,vip,active,2025-06-18 11:04:02,2025-08-26 11:04:02,2025-06-18 11:04:02
329,942,vip_plus,active,2025-09-02 11:04:02,2025-10-31 11:04:02,2025-09-02 11:04:02
330,943,vip_plus,active,2025-07-27 11:04:02,2025-08-15 11:04:02,2025-07-27 11:04:02
331,947,vip_plus,active,2025-08-25 11:04:02,2025-11-19 11:04:02,2025-08-25 11:04:02
332,949,vip,active,2025-07-31 11:04:02,2025-10-01 11:04:02,2025-07-31 11:04:02
333,950,vip_plus,active,2025-08-14 11:04:02,2025-09-17 11:04:02,2025-08-14 11:04:02
334,955,vip,active,2025-07-25 11:04:02,2025-09-11 11:04:02,2025-07-25 11:04:02
335,958,vip,active,2025-08-31 11:04:02,2025-09-30 11:04:02,2025-08-31 11:04:02
336,959,vip_plus,active,2025-06-20 11:04:02,2025-09-10 11:04:02,2025-06-20 11:04:02
337,963,vip_plus,active,2025-06-24 11:04:02,2025-09-18 11:04:02,2025-06-24 11:04:02
338,969,vip,active,2025-07-10 11:04:02,2025-08-23 11:04:02,2025-07-10 11:04:02
339,971,vip_plus,active,2025-07-31 11:04:02,2025-08-18 11:04:02,2025-07-31 11:04:02
340,972,vip_plus,active,2025-07-15 11:04:02,2025-08-20 11:04:02,2025-07-15 11:04:02
341,973,vip,active,2025-08-19 11:04:02,2025-11-17 11:04:02,2025-08-19 11:04:02
342,975,vip_plus,active,2025-07-30 11:04:02,2025-08-26 11:04:02,2025-07-30 11:04:02
343,979,vip,active,2025-09-03 11:04:02,2025-10-23 11:04:02,2025-09-03 11:04:02
344,980,vip_plus,active,2025-06-12 11:04:02,2025-08-15 11:04:02,2025-06-12 11:04:02
345,981,vip_plus,active,2025-07-06 11:04:02,2025-08-13 11:04:02,2025-07-06 11:04:02
346,982,vip_plus,active,2025-07-22 11:04:02,2025-10-17 11:04:02,2025-07-22 11:04:02
347,984,vip,active,2025-07-31 11:04:02,2025-08-21 11:04:02,2025-07-31 11:04:02
348,993,vip,active,2025-07-13 11:04:02,2025-09-19 11:04:02,2025-07-13 11:04:02
349,994,vip_plus,active,2025-08-20 11:04:02,2025-10-02 11:04:02,2025-08-20 11:04:02
350,996,vip,active,2025-07-29 11:04:02,2025-08-21 11:04:02,2025-07-29 11:04:02
351,999,vip_plus,active,2025-06-12 11:04:02,2025-09-08 11:04:02,2025-06-12 11:04:02
352,1000,vip,active,2025-07-05 11:04:02,2025-08-29 11:04:02,2025-07-05 11:04:02
353,1001,vip,active,2025-09-04 11:04:02,2025-11-15 11:04:02,2025-09-04 11:04:02
354,1004,vip_plus,active,2025-08-11 11:04:02,2025-11-03 11:04:02,2025-08-11 11:04:02
355,1007,vip_plus,active,2025-08-21 11:04:02,2025-10-31 11:04:02,2025-08-21 11:04:02
356,1012,vip_plus,active,2025-09-04 11:04:02,2025-10-03 11:04:02,2025-09-04 11:04:02
357,1014,vip,active,2025-09-09 11:04:02,2025-11-09 11:04:02,2025-09-09 11:04:02
358,1017,vip_plus,active,2025-06-28 11:04:02,2025-08-12 11:04:02,2025-06-28 11:04:02
359,1020,vip,active,2025-06-29 11:04:02,2025-08-19 11:04:02,2025-06-29 11:04:02
360,1021,vip_plus,active,2025-06-20 11:04:02,2025-09-05 11:04:02,2025-06-20 11:04:02
361,1024,vip,active,2025-07-23 11:04:02,2025-08-13 11:04:02,2025-07-23 11:04:02
362,1029,vip,active,2025-06-16 11:04:02,2025-09-11 11:04:02,2025-06-16 11:04:02
363,1034,vip,active,2025-07-01 11:04:02,2025-07-19 11:04:02,2025-07-01 11:04:02
364,1036,vip_plus,active,2025-06-27 11:04:02,2025-09-14 11:04:02,2025-06-27 11:04:02
365,1037,vip_plus,active,2025-07-04 11:04:02,2025-08-28 11:04:02,2025-07-04 11:04:02
366,1038,vip_plus,active,2025-06-14 11:04:02,2025-07-03 11:04:02,2025-06-14 11:04:02
367,1039,vip,active,2025-08-10 11:04:02,2025-09-05 11:04:02,2025-08-10 11:04:02
368,1040,vip_plus,active,2025-08-22 11:04:02,2025-10-28 11:04:02,2025-08-22 11:04:02
369,1041,vip_plus,active,2025-08-12 11:04:02,2025-09-25 11:04:02,2025-08-12 11:04:02
370,1042,vip,active,2025-07-31 11:04:02,2025-08-19 11:04:02,2025-07-31 11:04:02
371,1043,vip_plus,active,2025-07-16 11:04:02,2025-08-10 11:04:02,2025-07-16 11:04:02
372,1045,vip,active,2025-08-07 11:04:02,2025-10-14 11:04:02,2025-08-07 11:04:02
373,1046,vip_plus,active,2025-08-21 11:04:02,2025-10-11 11:04:02,2025-08-21 11:04:02
374,1049,vip_plus,active,2025-07-27 11:04:02,2025-09-25 11:04:02,2025-07-27 11:04:02
375,1052,vip_plus,active,2025-07-19 11:04:02,2025-08-07 11:04:02,2025-07-19 11:04:02
376,1059,vip,active,2025-08-22 11:04:02,2025-10-03 11:04:02,2025-08-22 11:04:02
377,1061,vip,active,2025-06-18 11:04:02,2025-07-21 11:04:02,2025-06-18 11:04:02
378,1063,vip,active,2025-09-03 11:04:02,2025-09-20 11:04:02,2025-09-03 11:04:02
379,1065,vip,active,2025-08-26 11:04:02,2025-09-24 11:04:02,2025-08-26 11:04:02
380,1070,vip_plus,active,2025-07-24 11:04:02,2025-09-09 11:04:02,2025-07-24 11:04:02
381,1072,vip_plus,active,2025-09-04 11:04:02,2025-11-30 11:04:02,2025-09-04 11:04:02
382,1075,vip_plus,active,2025-06-30 11:04:02,2025-09-14 11:04:02,2025-06-30 11:04:02
383,1076,vip,active,2025-07-11 11:04:02,2025-10-01 11:04:02,2025-07-11 11:04:02
384,1077,vip_plus,active,2025-07-06 11:04:02,2025-09-16 11:04:02,2025-07-06 11:04:02
385,1080,vip,active,2025-06-22 11:04:02,2025-09-10 11:04:02,2025-06-22 11:04:02
386,1084,vip,active,2025-09-03 11:04:02,2025-11-30 11:04:02,2025-09-03 11:04:02
387,1085,vip,active,2025-08-25 11:04:02,2025-09-11 11:04:02,2025-08-25 11:04:02
388,1087,vip,active,2025-09-07 11:04:02,2025-09-29 11:04:02,2025-09-07 11:04:02
389,1089,vip,active,2025-08-27 11:04:02,2025-11-19 11:04:02,2025-08-27 11:04:02
390,1090,vip,active,2025-06-22 11:04:02,2025-09-03 11:04:02,2025-06-22 11:04:02
391,1094,vip,active,2025-06-15 11:04:02,2025-08-04 11:04:02,2025-06-15 11:04:02
392,1095,vip,active,2025-07-26 11:04:02,2025-10-04 11:04:02,2025-07-26 11:04:02
393,1097,vip,active,2025-09-08 11:04:02,2025-11-21 11:04:02,2025-09-08 11:04:02
394,1100,vip_plus,active,2025-06-28 11:04:02,2025-08-14 11:04:02,2025-06-28 11:04:02
395,1105,vip_plus,active,2025-08-28 11:04:02,2025-11-21 11:04:02,2025-08-28 11:04:02
396,1109,vip_plus,active,2025-09-05 11:04:02,2025-10-15 11:04:02,2025-09-05 11:04:02
397,1111,vip_plus,active,2025-08-09 11:04:02,2025-09-25 11:04:02,2025-08-09 11:04:02
398,1112,vip,active,2025-08-22 11:04:02,2025-09-19 11:04:02,2025-08-22 11:04:02
399,1113,vip_plus,active,2025-08-21 11:04:02,2025-10-09 11:04:02,2025-08-21 11:04:02
400,1115,vip_plus,active,2025-07-30 11:04:02,2025-08-28 11:04:02,2025-07-30 11:04:02
401,1120,vip,active,2025-06-27 11:04:02,2025-08-04 11:04:02,2025-06-27 11:04:02
402,1130,vip_plus,active,2025-06-15 11:04:02,2025-07-23 11:04:02,2025-06-15 11:04:02
403,1131,vip_plus,active,2025-06-24 11:04:02,2025-09-22 11:04:02,2025-06-24 11:04:02
404,1133,vip_plus,active,2025-07-30 11:04:02,2025-10-22 11:04:02,2025-07-30 11:04:02
405,1135,vip,active,2025-07-28 11:04:02,2025-09-04 11:04:02,2025-07-28 11:04:02
406,1137,vip,active,2025-07-13 11:04:02,2025-08-19 11:04:02,2025-07-13 11:04:02
407,1139,vip,active,2025-06-13 11:04:02,2025-07-19 11:04:02,2025-06-13 11:04:02
408,1140,vip_plus,active,2025-08-11 11:04:02,2025-09-19 11:04:02,2025-08-11 11:04:02
409,1146,vip,active,2025-07-02 11:04:02,2025-09-15 11:04:02,2025-07-02 11:04:02
410,1151,vip_plus,active,2025-06-28 11:04:02,2025-08-15 11:04:02,2025-06-28 11:04:02
411,1155,vip,active,2025-08-31 11:04:02,2025-11-18 11:04:02,2025-08-31 11:04:02
412,1157,vip,active,2025-09-03 11:04:02,2025-11-01 11:04:02,2025-09-03 11:04:02
413,1158,vip,active,2025-08-19 11:04:02,2025-10-15 11:04:02,2025-08-19 11:04:02
414,1160,vip_plus,active,2025-09-08 11:04:02,2025-12-04 11:04:02,2025-09-08 11:04:02
415,1166,vip,active,2025-08-28 11:04:02,2025-09-30 11:04:02,2025-08-28 11:04:02
416,1167,vip,active,2025-08-08 11:04:02,2025-08-31 11:04:02,2025-08-08 11:04:02
417,1168,vip_plus,active,2025-06-17 11:04:02,2025-07-28 11:04:02,2025-06-17 11:04:02
418,1174,vip_plus,active,2025-08-24 11:04:02,2025-09-08 11:04:02,2025-08-24 11:04:02
419,1175,vip,active,2025-07-12 11:04:02,2025-08-08 11:04:02,2025-07-12 11:04:02
420,1176,vip,active,2025-08-24 11:04:02,2025-09-29 11:04:02,2025-08-24 11:04:02
421,1179,vip_plus,active,2025-07-21 11:04:02,2025-08-26 11:04:02,2025-07-21 11:04:02
422,1181,vip,active,2025-08-16 11:04:02,2025-08-31 11:04:02,2025-08-16 11:04:02
423,1182,vip_plus,active,2025-09-06 11:04:02,2025-09-21 11:04:02,2025-09-06 11:04:02
424,1183,vip,active,2025-08-09 11:04:02,2025-10-28 11:04:02,2025-08-09 11:04:02
425,1185,vip_plus,active,2025-09-07 11:04:02,2025-11-06 11:04:02,2025-09-07 11:04:02
426,1189,vip_plus,active,2025-08-30 11:04:02,2025-10-26 11:04:02,2025-08-30 11:04:02
427,1190,vip_plus,active,2025-07-11 11:04:02,2025-08-06 11:04:02,2025-07-11 11:04:02
428,1192,vip,active,2025-07-06 11:04:02,2025-08-17 11:04:02,2025-07-06 11:04:02
429,1193,vip,active,2025-08-08 11:04:02,2025-08-23 11:04:02,2025-08-08 11:04:02
430,1195,vip_plus,active,2025-07-04 11:04:02,2025-09-03 11:04:02,2025-07-04 11:04:02
431,1196,vip_plus,active,2025-07-23 11:04:02,2025-10-07 11:04:02,2025-07-23 11:04:02
432,1197,vip_plus,active,2025-08-17 11:04:02,2025-10-24 11:04:02,2025-08-17 11:04:02
433,1200,vip_plus,active,2025-08-04 11:04:02,2025-10-03 11:04:02,2025-08-04 11:04:02
434,1203,vip_plus,active,2025-07-04 11:04:02,2025-09-25 11:04:02,2025-07-04 11:04:02
435,1212,vip_plus,active,2025-08-14 11:04:02,2025-10-11 11:04:02,2025-08-14 11:04:02
436,1214,vip_plus,active,2025-08-19 11:04:02,2025-09-24 11:04:02,2025-08-19 11:04:02
437,1215,vip_plus,active,2025-07-22 11:04:02,2025-09-27 11:04:02,2025-07-22 11:04:02
438,1218,vip,active,2025-08-01 11:04:02,2025-10-25 11:04:02,2025-08-01 11:04:02
439,1222,vip,active,2025-07-30 11:04:02,2025-09-20 11:04:02,2025-07-30 11:04:02
440,1224,vip,active,2025-07-07 11:04:02,2025-09-30 11:04:02,2025-07-07 11:04:02
441,1227,vip_plus,active,2025-08-29 11:04:02,2025-09-29 11:04:02,2025-08-29 11:04:02
442,1228,vip_plus,active,2025-08-17 11:04:02,2025-10-11 11:04:02,2025-08-17 11:04:02
443,1229,vip,active,2025-08-12 11:04:02,2025-11-07 11:04:02,2025-08-12 11:04:02
444,1230,vip_plus,active,2025-08-26 11:04:02,2025-11-01 11:04:02,2025-08-26 11:04:02
445,1231,vip,active,2025-07-12 11:04:02,2025-08-02 11:04:02,2025-07-12 11:04:02
446,1233,vip,active,2025-08-09 11:04:02,2025-09-08 11:04:02,2025-08-09 11:04:02
447,1238,vip,active,2025-07-10 11:04:02,2025-08-24 11:04:02,2025-07-10 11:04:02
448,1240,vip_plus,active,2025-09-03 11:04:02,2025-11-13 11:04:02,2025-09-03 11:04:02
449,1241,vip,active,2025-09-09 11:04:02,2025-11-04 11:04:02,2025-09-09 11:04:02
450,1245,vip_plus,active,2025-08-18 11:04:02,2025-11-06 11:04:02,2025-08-18 11:04:02
451,1246,vip_plus,active,2025-07-26 11:04:02,2025-10-04 11:04:02,2025-07-26 11:04:02
452,1250,vip_plus,active,2025-07-30 11:04:02,2025-10-08 11:04:02,2025-07-30 11:04:02
453,1252,vip,active,2025-08-12 11:04:02,2025-11-06 11:04:02,2025-08-12 11:04:02
454,1258,vip,active,2025-08-01 11:04:02,2025-10-14 11:04:02,2025-08-01 11:04:02
455,1260,vip_plus,active,2025-08-22 11:04:02,2025-09-18 11:04:02,2025-08-22 11:04:02
456,1261,vip,active,2025-07-14 11:04:02,2025-09-30 11:04:02,2025-07-14 11:04:02
457,1262,vip_plus,active,2025-07-07 11:04:02,2025-08-17 11:04:02,2025-07-07 11:04:02
458,1263,vip_plus,active,2025-08-03 11:04:02,2025-08-26 11:04:02,2025-08-03 11:04:02
459,1264,vip,active,2025-09-05 11:04:02,2025-10-12 11:04:02,2025-09-05 11:04:02
460,1270,vip_plus,active,2025-06-20 11:04:02,2025-08-05 11:04:02,2025-06-20 11:04:02
461,1271,vip,active,2025-09-06 11:04:02,2025-09-30 11:04:02,2025-09-06 11:04:02
462,1274,vip_plus,active,2025-07-15 11:04:02,2025-10-01 11:04:02,2025-07-15 11:04:02
463,1279,vip_plus,active,2025-08-14 11:04:02,2025-09-03 11:04:02,2025-08-14 11:04:02
464,1285,vip,active,2025-07-06 11:04:02,2025-09-08 11:04:02,2025-07-06 11:04:02
465,1286,vip,active,2025-09-01 11:04:02,2025-09-27 11:04:02,2025-09-01 11:04:02
466,1287,vip,active,2025-07-18 11:04:02,2025-10-01 11:04:02,2025-07-18 11:04:02
467,1289,vip_plus,active,2025-06-27 11:04:02,2025-07-29 11:04:02,2025-06-27 11:04:02
468,1292,vip,active,2025-07-16 11:04:02,2025-09-07 11:04:02,2025-07-16 11:04:02
469,1293,vip,active,2025-08-15 11:04:02,2025-09-23 11:04:02,2025-08-15 11:04:02
470,1294,vip_plus,active,2025-08-07 11:04:02,2025-09-04 11:04:02,2025-08-07 11:04:02
471,1298,vip,active,2025-08-13 11:04:02,2025-10-24 11:04:02,2025-08-13 11:04:02
472,1300,vip_plus,active,2025-08-29 11:04:02,2025-11-19 11:04:02,2025-08-29 11:04:02
473,1301,vip_plus,active,2025-08-20 11:04:02,2025-09-30 11:04:02,2025-08-20 11:04:02
474,1305,vip,active,2025-07-30 11:04:02,2025-09-13 11:04:02,2025-07-30 11:04:02
475,1306,vip_plus,active,2025-06-18 11:04:02,2025-08-24 11:04:02,2025-06-18 11:04:02
476,1308,vip_plus,active,2025-06-30 11:04:02,2025-09-27 11:04:02,2025-06-30 11:04:02
477,1310,vip_plus,active,2025-08-01 11:04:02,2025-09-09 11:04:02,2025-08-01 11:04:02
478,1311,vip_plus,active,2025-07-08 11:04:02,2025-10-05 11:04:02,2025-07-08 11:04:02
479,1315,vip,active,2025-07-28 11:04:02,2025-09-08 11:04:02,2025-07-28 11:04:02
480,1323,vip_plus,active,2025-08-15 11:04:02,2025-10-11 11:04:02,2025-08-15 11:04:02
481,1324,vip_plus,active,2025-07-22 11:04:02,2025-10-15 11:04:02,2025-07-22 11:04:02
482,1325,vip_plus,active,2025-07-29 11:04:02,2025-10-09 11:04:02,2025-07-29 11:04:02
483,1326,vip_plus,active,2025-07-10 11:04:02,2025-08-25 11:04:02,2025-07-10 11:04:02
484,1328,vip_plus,active,2025-08-08 11:04:02,2025-09-05 11:04:02,2025-08-08 11:04:02
485,1329,vip_plus,active,2025-06-18 11:04:02,2025-09-12 11:04:02,2025-06-18 11:04:02
486,1334,vip,active,2025-08-25 11:04:02,2025-10-18 11:04:02,2025-08-25 11:04:02
487,1336,vip_plus,active,2025-08-22 11:04:02,2025-11-03 11:04:02,2025-08-22 11:04:02
488,1341,vip_plus,active,2025-07-14 11:04:02,2025-08-23 11:04:02,2025-07-14 11:04:02
489,1344,vip_plus,active,2025-07-19 11:04:02,2025-08-05 11:04:02,2025-07-19 11:04:02
490,1347,vip,active,2025-07-02 11:04:02,2025-07-21 11:04:02,2025-07-02 11:04:02
491,1349,vip,active,2025-07-07 11:04:02,2025-09-27 11:04:02,2025-07-07 11:04:02
492,1350,vip,active,2025-07-02 11:04:02,2025-08-16 11:04:02,2025-07-02 11:04:02
493,1353,vip,active,2025-06-26 11:04:02,2025-07-24 11:04:02,2025-06-26 11:04:02
494,1360,vip,active,2025-08-10 11:04:02,2025-10-02 11:04:02,2025-08-10 11:04:02
495,1365,vip,active,2025-08-05 11:04:02,2025-09-14 11:04:02,2025-08-05 11:04:02
496,1368,vip_plus,active,2025-09-04 11:04:02,2025-11-02 11:04:02,2025-09-04 11:04:02
497,1369,vip,active,2025-07-17 11:04:02,2025-10-05 11:04:02,2025-07-17 11:04:02
498,1370,vip_plus,active,2025-09-08 11:04:02,2025-11-26 11:04:02,2025-09-08 11:04:02
499,1371,vip_plus,active,2025-07-26 11:04:02,2025-10-17 11:04:02,2025-07-26 11:04:02
500,1373,vip_plus,active,2025-08-18 11:04:02,2025-11-06 11:04:02,2025-08-18 11:04:02
501,1374,vip,active,2025-08-21 11:04:02,2025-09-15 11:04:02,2025-08-21 11:04:02
502,1377,vip_plus,active,2025-09-06 11:04:02,2025-09-24 11:04:02,2025-09-06 11:04:02
503,1378,vip,active,2025-09-09 11:04:02,2025-12-08 11:04:02,2025-09-09 11:04:02
504,1380,vip_plus,active,2025-06-24 11:04:02,2025-07-20 11:04:02,2025-06-24 11:04:02
505,1382,vip_plus,active,2025-08-26 11:04:02,2025-11-05 11:04:02,2025-08-26 11:04:02
506,1393,vip,active,2025-08-31 11:04:02,2025-10-21 11:04:02,2025-08-31 11:04:02
507,1401,vip,active,2025-07-20 11:04:02,2025-08-24 11:04:02,2025-07-20 11:04:02
508,1402,vip,active,2025-07-13 11:04:02,2025-08-19 11:04:02,2025-07-13 11:04:02
509,1407,vip_plus,active,2025-08-31 11:04:02,2025-09-28 11:04:02,2025-08-31 11:04:02
510,1411,vip,active,2025-07-28 11:04:02,2025-09-25 11:04:02,2025-07-28 11:04:02
511,1413,vip_plus,active,2025-09-06 11:04:02,2025-11-09 11:04:02,2025-09-06 11:04:02
512,1414,vip_plus,active,2025-08-25 11:04:02,2025-11-02 11:04:02,2025-08-25 11:04:02
513,1420,vip_plus,active,2025-08-05 11:04:02,2025-09-12 11:04:02,2025-08-05 11:04:02
514,1424,vip_plus,active,2025-06-17 11:04:02,2025-08-11 11:04:02,2025-06-17 11:04:02
515,1426,vip_plus,active,2025-07-02 11:04:02,2025-08-17 11:04:02,2025-07-02 11:04:02
516,1429,vip_plus,active,2025-08-07 11:04:02,2025-09-22 11:04:02,2025-08-07 11:04:02
517,1430,vip,active,2025-09-05 11:04:02,2025-09-30 11:04:02,2025-09-05 11:04:02
518,1433,vip_plus,active,2025-06-24 11:04:02,2025-08-22 11:04:02,2025-06-24 11:04:02
519,1438,vip,active,2025-08-16 11:04:02,2025-10-18 11:04:02,2025-08-16 11:04:02
520,1439,vip,active,2025-07-05 11:04:02,2025-07-31 11:04:02,2025-07-05 11:04:02
521,1440,vip_plus,active,2025-07-07 11:04:02,2025-09-14 11:04:02,2025-07-07 11:04:02
522,1442,vip,active,2025-07-24 11:04:02,2025-09-13 11:04:02,2025-07-24 11:04:02
523,1444,vip_plus,active,2025-09-09 11:04:02,2025-09-25 11:04:02,2025-09-09 11:04:02
524,1448,vip,active,2025-09-01 11:04:02,2025-11-22 11:04:02,2025-09-01 11:04:02
525,1449,vip,active,2025-08-25 11:04:02,2025-09-16 11:04:02,2025-08-25 11:04:02
526,1451,vip,active,2025-08-20 11:04:02,2025-11-02 11:04:02,2025-08-20 11:04:02
527,1457,vip_plus,active,2025-06-23 11:04:02,2025-07-12 11:04:02,2025-06-23 11:04:02
528,1461,vip_plus,active,2025-07-21 11:04:02,2025-09-15 11:04:02,2025-07-21 11:04:02
529,1467,vip,active,2025-08-30 11:04:02,2025-10-10 11:04:02,2025-08-30 11:04:02
530,1468,vip_plus,active,2025-06-24 11:04:02,2025-08-07 11:04:02,2025-06-24 11:04:02
531,1471,vip_plus,active,2025-06-17 11:04:02,2025-09-03 11:04:02,2025-06-17 11:04:02
532,1473,vip,active,2025-07-02 11:04:02,2025-09-01 11:04:02,2025-07-02 11:04:02
533,1475,vip,active,2025-08-21 11:04:02,2025-09-16 11:04:02,2025-08-21 11:04:02
534,1477,vip,active,2025-08-17 11:04:02,2025-10-10 11:04:02,2025-08-17 11:04:02
535,1490,vip,active,2025-08-14 11:04:02,2025-11-03 11:04:02,2025-08-14 11:04:02
536,1491,vip_plus,active,2025-06-30 11:04:02,2025-08-15 11:04:02,2025-06-30 11:04:02
537,1502,vip_plus,active,2025-06-20 11:04:02,2025-08-01 11:04:02,2025-06-20 11:04:02
538,1510,vip,active,2025-08-07 11:04:02,2025-09-25 11:04:02,2025-08-07 11:04:02
539,1511,vip_plus,active,2025-09-07 11:04:02,2025-11-30 11:04:02,2025-09-07 11:04:02
540,1514,vip_plus,active,2025-07-01 11:04:02,2025-09-03 11:04:02,2025-07-01 11:04:02
541,1515,vip_plus,active,2025-06-19 11:04:02,2025-07-14 11:04:02,2025-06-19 11:04:02
542,1518,vip,active,2025-08-21 11:04:02,2025-09-06 11:04:02,2025-08-21 11:04:02
543,1519,vip_plus,active,2025-07-29 11:04:02,2025-09-29 11:04:02,2025-07-29 11:04:02
544,1524,vip_plus,active,2025-08-31 11:04:02,2025-10-25 11:04:02,2025-08-31 11:04:02
545,1526,vip,active,2025-07-24 11:04:02,2025-10-02 11:04:02,2025-07-24 11:04:02
546,1528,vip,active,2025-08-31 11:04:02,2025-10-02 11:04:02,2025-08-31 11:04:02
547,1531,vip_plus,active,2025-09-03 11:04:02,2025-09-19 11:04:02,2025-09-03 11:04:02
548,1533,vip_plus,active,2025-07-18 11:04:02,2025-09-23 11:04:02,2025-07-18 11:04:02
549,1535,vip,active,2025-06-21 11:04:02,2025-07-09 11:04:02,2025-06-21 11:04:02
550,1536,vip_plus,active,2025-08-23 11:04:02,2025-10-10 11:04:02,2025-08-23 11:04:02
551,1540,vip_plus,active,2025-07-12 11:04:02,2025-08-27 11:04:02,2025-07-12 11:04:02
552,1542,vip,active,2025-07-01 11:04:02,2025-07-22 11:04:02,2025-07-01 11:04:02
553,1543,vip_plus,active,2025-08-15 11:04:02,2025-10-12 11:04:02,2025-08-15 11:04:02
554,1548,vip_plus,active,2025-07-02 11:04:02,2025-09-14 11:04:02,2025-07-02 11:04:02
555,1549,vip_plus,active,2025-08-17 11:04:02,2025-10-06 11:04:02,2025-08-17 11:04:02
556,1551,vip,active,2025-07-12 11:04:02,2025-08-25 11:04:02,2025-07-12 11:04:02
557,1552,vip_plus,active,2025-07-12 11:04:02,2025-09-03 11:04:02,2025-07-12 11:04:02
558,1556,vip_plus,active,2025-06-19 11:04:02,2025-07-26 11:04:02,2025-06-19 11:04:02
559,1557,vip_plus,active,2025-06-13 11:04:02,2025-07-19 11:04:02,2025-06-13 11:04:02
560,1558,vip_plus,active,2025-07-24 11:04:02,2025-09-19 11:04:02,2025-07-24 11:04:02
561,1559,vip,active,2025-07-04 11:04:02,2025-07-27 11:04:02,2025-07-04 11:04:02
562,1564,vip,active,2025-08-05 11:04:02,2025-09-07 11:04:02,2025-08-05 11:04:02
563,1565,vip,active,2025-08-15 11:04:02,2025-10-05 11:04:02,2025-08-15 11:04:02
564,1566,vip,active,2025-06-29 11:04:02,2025-07-15 11:04:02,2025-06-29 11:04:02
565,1567,vip,active,2025-07-01 11:04:02,2025-08-27 11:04:02,2025-07-01 11:04:02
566,1569,vip,active,2025-08-15 11:04:02,2025-09-03 11:04:02,2025-08-15 11:04:02
567,1572,vip,active,2025-07-08 11:04:02,2025-09-24 11:04:02,2025-07-08 11:04:02
568,1573,vip_plus,active,2025-09-05 11:04:02,2025-10-24 11:04:02,2025-09-05 11:04:02
569,1585,vip,active,2025-06-16 11:04:02,2025-08-20 11:04:02,2025-06-16 11:04:02
570,1592,vip,active,2025-08-09 11:04:02,2025-10-23 11:04:02,2025-08-09 11:04:02
571,1593,vip_plus,active,2025-08-21 11:04:02,2025-11-17 11:04:02,2025-08-21 11:04:02
572,1595,vip_plus,active,2025-07-19 11:04:02,2025-10-17 11:04:02,2025-07-19 11:04:02
573,1596,vip,active,2025-07-24 11:04:02,2025-09-08 11:04:02,2025-07-24 11:04:02
574,1597,vip_plus,active,2025-08-11 11:04:02,2025-09-22 11:04:02,2025-08-11 11:04:02
575,1599,vip_plus,active,2025-07-19 11:04:02,2025-09-02 11:04:02,2025-07-19 11:04:02
576,1603,vip,active,2025-08-29 11:04:02,2025-09-26 11:04:02,2025-08-29 11:04:02
577,1605,vip_plus,active,2025-08-26 11:04:02,2025-09-29 11:04:02,2025-08-26 11:04:02
578,1608,vip_plus,active,2025-06-25 11:04:02,2025-08-16 11:04:02,2025-06-25 11:04:02
579,1611,vip,active,2025-07-30 11:04:02,2025-08-27 11:04:02,2025-07-30 11:04:02
580,1612,vip_plus,active,2025-08-26 11:04:02,2025-10-09 11:04:02,2025-08-26 11:04:02
581,1617,vip,active,2025-06-20 11:04:02,2025-07-30 11:04:02,2025-06-20 11:04:02
582,1621,vip,active,2025-07-03 11:04:02,2025-08-13 11:04:02,2025-07-03 11:04:02
583,1623,vip,active,2025-08-12 11:04:02,2025-09-05 11:04:02,2025-08-12 11:04:02
584,1625,vip_plus,active,2025-07-28 11:04:02,2025-10-14 11:04:02,2025-07-28 11:04:02
585,1628,vip,active,2025-06-26 11:04:02,2025-08-26 11:04:02,2025-06-26 11:04:02
586,1629,vip_plus,active,2025-07-25 11:04:02,2025-09-28 11:04:02,2025-07-25 11:04:02
587,1634,vip,active,2025-09-01 11:04:02,2025-11-27 11:04:02,2025-09-01 11:04:02
588,1638,vip,active,2025-08-06 11:04:02,2025-09-06 11:04:02,2025-08-06 11:04:02
589,1639,vip,active,2025-09-05 11:04:02,2025-09-22 11:04:02,2025-09-05 11:04:02
590,1647,vip,active,2025-06-24 11:04:02,2025-07-21 11:04:02,2025-06-24 11:04:02
591,1653,vip,active,2025-07-05 11:04:02,2025-08-13 11:04:02,2025-07-05 11:04:02
592,1657,vip,active,2025-08-17 11:04:02,2025-09-08 11:04:02,2025-08-17 11:04:02
593,1659,vip_plus,active,2025-09-03 11:04:02,2025-11-06 11:04:02,2025-09-03 11:04:02
594,1660,vip_plus,active,2025-07-21 11:04:02,2025-09-20 11:04:02,2025-07-21 11:04:02
595,1663,vip,active,2025-06-24 11:04:02,2025-07-31 11:04:02,2025-06-24 11:04:02
596,1667,vip_plus,active,2025-06-19 11:04:02,2025-09-07 11:04:02,2025-06-19 11:04:02
597,1668,vip_plus,active,2025-06-11 11:04:02,2025-07-08 11:04:02,2025-06-11 11:04:02
598,1670,vip,active,2025-06-24 11:04:02,2025-08-04 11:04:02,2025-06-24 11:04:02
599,1672,vip,active,2025-07-01 11:04:02,2025-08-04 11:04:02,2025-07-01 11:04:02
600,1680,vip,active,2025-07-24 11:04:02,2025-09-27 11:04:02,2025-07-24 11:04:02
601,1682,vip_plus,active,2025-06-13 11:04:02,2025-09-08 11:04:02,2025-06-13 11:04:02
602,1684,vip_plus,active,2025-07-10 11:04:02,2025-10-06 11:04:02,2025-07-10 11:04:02
603,1685,vip_plus,active,2025-07-05 11:04:02,2025-07-26 11:04:02,2025-07-05 11:04:02
604,1690,vip,active,2025-08-05 11:04:02,2025-10-18 11:04:02,2025-08-05 11:04:02
605,1691,vip_plus,active,2025-08-29 11:04:02,2025-10-25 11:04:02,2025-08-29 11:04:02
606,1693,vip_plus,active,2025-09-05 11:04:02,2025-10-17 11:04:02,2025-09-05 11:04:02
607,1696,vip,active,2025-06-24 11:04:02,2025-07-22 11:04:02,2025-06-24 11:04:02
608,1699,vip,active,2025-06-21 11:04:02,2025-08-27 11:04:02,2025-06-21 11:04:02
609,1702,vip,active,2025-07-29 11:04:02,2025-10-17 11:04:02,2025-07-29 11:04:02
610,1703,vip_plus,active,2025-09-03 11:04:02,2025-11-26 11:04:02,2025-09-03 11:04:02
611,1705,vip_plus,active,2025-09-09 11:04:02,2025-10-26 11:04:02,2025-09-09 11:04:02
612,1708,vip,active,2025-07-24 11:04:02,2025-10-13 11:04:02,2025-07-24 11:04:02
613,1713,vip_plus,active,2025-08-12 11:04:02,2025-09-06 11:04:02,2025-08-12 11:04:02
614,1715,vip,active,2025-06-24 11:04:02,2025-08-15 11:04:02,2025-06-24 11:04:02
615,1717,vip,active,2025-06-13 11:04:02,2025-09-11 11:04:02,2025-06-13 11:04:02
616,1719,vip,active,2025-07-16 11:04:02,2025-10-12 11:04:02,2025-07-16 11:04:02
617,1720,vip_plus,active,2025-08-27 11:04:02,2025-09-24 11:04:02,2025-08-27 11:04:02
618,1726,vip_plus,active,2025-07-07 11:04:02,2025-09-02 11:04:02,2025-07-07 11:04:02
619,1727,vip,active,2025-07-24 11:04:02,2025-10-10 11:04:02,2025-07-24 11:04:02
620,1732,vip,active,2025-08-16 11:04:02,2025-09-05 11:04:02,2025-08-16 11:04:02
621,1737,vip,active,2025-07-27 11:04:02,2025-08-21 11:04:02,2025-07-27 11:04:02
622,1738,vip,active,2025-07-01 11:04:02,2025-07-29 11:04:02,2025-07-01 11:04:02
623,1746,vip_plus,active,2025-09-01 11:04:02,2025-11-22 11:04:02,2025-09-01 11:04:02
624,1751,vip_plus,active,2025-09-04 11:04:02,2025-11-30 11:04:02,2025-09-04 11:04:02
625,1754,vip_plus,active,2025-06-11 11:04:02,2025-08-26 11:04:02,2025-06-11 11:04:02
626,1761,vip_plus,active,2025-07-21 11:04:02,2025-10-17 11:04:02,2025-07-21 11:04:02
627,1763,vip_plus,active,2025-08-13 11:04:02,2025-10-01 11:04:02,2025-08-13 11:04:02
628,1765,vip_plus,active,2025-07-17 11:04:02,2025-10-04 11:04:02,2025-07-17 11:04:02
629,1769,vip,active,2025-07-31 11:04:02,2025-10-03 11:04:02,2025-07-31 11:04:02
630,1772,vip,active,2025-09-06 11:04:02,2025-11-25 11:04:02,2025-09-06 11:04:02
631,1773,vip_plus,active,2025-07-07 11:04:02,2025-10-02 11:04:02,2025-07-07 11:04:02
632,1774,vip_plus,active,2025-07-28 11:04:02,2025-10-21 11:04:02,2025-07-28 11:04:02
633,1777,vip,active,2025-07-03 11:04:02,2025-07-22 11:04:02,2025-07-03 11:04:02
634,1784,vip_plus,active,2025-08-17 11:04:02,2025-09-27 11:04:02,2025-08-17 11:04:02
635,1785,vip_plus,active,2025-07-05 11:04:02,2025-08-17 11:04:02,2025-07-05 11:04:02
636,1786,vip_plus,active,2025-06-12 11:04:02,2025-07-21 11:04:02,2025-06-12 11:04:02
637,1789,vip,active,2025-08-05 11:04:02,2025-09-20 11:04:02,2025-08-05 11:04:02
638,1791,vip_plus,active,2025-07-26 11:04:02,2025-08-23 11:04:02,2025-07-26 11:04:02
639,1798,vip_plus,active,2025-07-25 11:04:02,2025-09-11 11:04:02,2025-07-25 11:04:02
640,1799,vip,active,2025-09-05 11:04:02,2025-10-14 11:04:02,2025-09-05 11:04:02
641,1800,vip,active,2025-06-14 11:04:02,2025-07-11 11:04:02,2025-06-14 11:04:02
642,1801,vip,active,2025-06-24 11:04:02,2025-07-16 11:04:02,2025-06-24 11:04:02
643,1804,vip,active,2025-08-07 11:04:02,2025-10-10 11:04:02,2025-08-07 11:04:02
644,1805,vip_plus,active,2025-06-24 11:04:02,2025-09-20 11:04:02,2025-06-24 11:04:02
645,1807,vip,active,2025-06-23 11:04:02,2025-08-01 11:04:02,2025-06-23 11:04:02
646,1808,vip,active,2025-08-01 11:04:02,2025-09-16 11:04:02,2025-08-01 11:04:02
647,1812,vip_plus,active,2025-07-25 11:04:02,2025-08-21 11:04:02,2025-07-25 11:04:02
648,1814,vip,active,2025-08-21 11:04:02,2025-09-06 11:04:02,2025-08-21 11:04:02
649,1815,vip_plus,active,2025-07-18 11:04:02,2025-09-18 11:04:02,2025-07-18 11:04:02
650,1816,vip,active,2025-08-31 11:04:02,2025-09-26 11:04:02,2025-08-31 11:04:02
651,1819,vip_plus,active,2025-06-28 11:04:02,2025-08-11 11:04:02,2025-06-28 11:04:02
652,1820,vip_plus,active,2025-06-19 11:04:02,2025-08-23 11:04:02,2025-06-19 11:04:02
653,1822,vip_plus,active,2025-08-13 11:04:02,2025-09-08 11:04:02,2025-08-13 11:04:02
654,1824,vip_plus,active,2025-07-29 11:04:02,2025-09-06 11:04:02,2025-07-29 11:04:02
655,1826,vip,active,2025-07-08 11:04:02,2025-09-12 11:04:02,2025-07-08 11:04:02
656,1828,vip,active,2025-07-01 11:04:02,2025-09-21 11:04:02,2025-07-01 11:04:02
657,1829,vip,active,2025-06-23 11:04:02,2025-08-21 11:04:02,2025-06-23 11:04:02
658,1832,vip_plus,active,2025-08-29 11:04:02,2025-11-24 11:04:02,2025-08-29 11:04:02
659,1834,vip,active,2025-06-15 11:04:02,2025-07-09 11:04:02,2025-06-15 11:04:02
660,1837,vip,active,2025-09-05 11:04:02,2025-11-06 11:04:02,2025-09-05 11:04:02
661,1855,vip_plus,active,2025-08-09 11:04:02,2025-10-16 11:04:02,2025-08-09 11:04:02
662,1856,vip_plus,active,2025-08-05 11:04:02,2025-10-20 11:04:02,2025-08-05 11:04:02
663,1857,vip,active,2025-07-30 11:04:02,2025-09-15 11:04:02,2025-07-30 11:04:02
664,1858,vip,active,2025-07-19 11:04:02,2025-08-03 11:04:02,2025-07-19 11:04:02
665,1864,vip,active,2025-07-31 11:04:02,2025-09-03 11:04:02,2025-07-31 11:04:02
666,1867,vip,active,2025-07-03 11:04:02,2025-09-25 11:04:02,2025-07-03 11:04:02
667,1868,vip,active,2025-07-22 11:04:02,2025-08-14 11:04:02,2025-07-22 11:04:02
668,1870,vip,active,2025-07-08 11:04:02,2025-09-14 11:04:02,2025-07-08 11:04:02
669,1871,vip_plus,active,2025-06-15 11:04:02,2025-07-27 11:04:02,2025-06-15 11:04:02
670,1872,vip_plus,active,2025-07-31 11:04:02,2025-09-04 11:04:02,2025-07-31 11:04:02
671,1873,vip,active,2025-07-12 11:04:02,2025-08-07 11:04:02,2025-07-12 11:04:02
672,1874,vip,active,2025-08-02 11:04:02,2025-10-10 11:04:02,2025-08-02 11:04:02
673,1877,vip,active,2025-08-12 11:04:02,2025-09-12 11:04:02,2025-08-12 11:04:02
674,1879,vip_plus,active,2025-09-03 11:04:02,2025-10-11 11:04:02,2025-09-03 11:04:02
675,1883,vip,active,2025-07-15 11:04:02,2025-09-28 11:04:02,2025-07-15 11:04:02
676,1884,vip_plus,active,2025-09-07 11:04:02,2025-11-03 11:04:02,2025-09-07 11:04:02
677,1885,vip_plus,active,2025-07-14 11:04:02,2025-08-25 11:04:02,2025-07-14 11:04:02
678,1887,vip_plus,active,2025-07-23 11:04:02,2025-09-26 11:04:02,2025-07-23 11:04:02
679,1892,vip_plus,active,2025-06-23 11:04:02,2025-08-13 11:04:02,2025-06-23 11:04:02
680,1897,vip_plus,active,2025-07-30 11:04:02,2025-09-17 11:04:02,2025-07-30 11:04:02
681,1900,vip,active,2025-07-14 11:04:02,2025-08-15 11:04:02,2025-07-14 11:04:02
682,1902,vip,active,2025-06-13 11:04:02,2025-07-09 11:04:02,2025-06-13 11:04:02
683,1906,vip,active,2025-06-19 11:04:02,2025-09-07 11:04:02,2025-06-19 11:04:02
684,1907,vip_plus,active,2025-07-28 11:04:02,2025-09-18 11:04:02,2025-07-28 11:04:02
685,1908,vip,active,2025-06-13 11:04:02,2025-08-09 11:04:02,2025-06-13 11:04:02
686,1912,vip,active,2025-08-30 11:04:02,2025-10-30 11:04:02,2025-08-30 11:04:02
687,1926,vip,active,2025-07-30 11:04:02,2025-10-02 11:04:02,2025-07-30 11:04:02
688,1932,vip,active,2025-06-21 11:04:02,2025-08-15 11:04:02,2025-06-21 11:04:02
689,1935,vip_plus,active,2025-08-30 11:04:02,2025-10-30 11:04:02,2025-08-30 11:04:02
690,1936,vip_plus,active,2025-06-24 11:04:02,2025-09-13 11:04:02,2025-06-24 11:04:02
691,1937,vip,active,2025-08-26 11:04:02,2025-10-24 11:04:02,2025-08-26 11:04:02
692,1938,vip_plus,active,2025-07-24 11:04:02,2025-08-09 11:04:02,2025-07-24 11:04:02
693,1941,vip_plus,active,2025-07-29 11:04:02,2025-09-23 11:04:02,2025-07-29 11:04:02
694,1942,vip,active,2025-08-09 11:04:02,2025-09-29 11:04:02,2025-08-09 11:04:02
695,1944,vip,active,2025-07-08 11:04:02,2025-08-16 11:04:02,2025-07-08 11:04:02
696,1945,vip_plus,active,2025-09-09 11:04:02,2025-11-18 11:04:02,2025-09-09 11:04:02
697,1946,vip_plus,active,2025-08-30 11:04:02,2025-10-23 11:04:02,2025-08-30 11:04:02
698,1948,vip_plus,active,2025-07-15 11:04:02,2025-10-10 11:04:02,2025-07-15 11:04:02
699,1949,vip_plus,active,2025-09-03 11:04:02,2025-10-19 11:04:02,2025-09-03 11:04:02
700,1951,vip,active,2025-06-22 11:04:02,2025-07-31 11:04:02,2025-06-22 11:04:02
701,1952,vip,active,2025-07-19 11:04:02,2025-10-09 11:04:02,2025-07-19 11:04:02
702,1956,vip,active,2025-08-12 11:04:02,2025-10-25 11:04:02,2025-08-12 11:04:02
703,1965,vip_plus,active,2025-08-08 11:04:02,2025-10-03 11:04:02,2025-08-08 11:04:02
704,1970,vip_plus,active,2025-08-07 11:04:02,2025-08-24 11:04:02,2025-08-07 11:04:02
705,1972,vip_plus,active,2025-09-01 11:04:02,2025-11-29 11:04:02,2025-09-01 11:04:02
706,1974,vip,active,2025-07-08 11:04:02,2025-09-26 11:04:02,2025-07-08 11:04:02
707,1977,vip_plus,active,2025-07-22 11:04:02,2025-10-18 11:04:02,2025-07-22 11:04:02
708,1980,vip_plus,active,2025-08-29 11:04:02,2025-10-08 11:04:02,2025-08-29 11:04:02
709,1981,vip,active,2025-08-20 11:04:02,2025-09-22 11:04:02,2025-08-20 11:04:02
710,1984,vip_plus,active,2025-07-24 11:04:02,2025-10-19 11:04:02,2025-07-24 11:04:02
711,1985,vip_plus,active,2025-07-30 11:04:02,2025-09-05 11:04:02,2025-07-30 11:04:02
712,1986,vip_plus,active,2025-08-02 11:04:02,2025-08-26 11:04:02,2025-08-02 11:04:02
713,1989,vip,active,2025-08-20 11:04:02,2025-10-18 11:04:02,2025-08-20 11:04:02
714,1994,vip,active,2025-09-03 11:04:02,2025-10-27 11:04:02,2025-09-03 11:04:02
715,1996,vip,active,2025-06-15 11:04:02,2025-09-13 11:04:02,2025-06-15 11:04:02
716,1998,vip,active,2025-07-26 11:04:02,2025-10-24 11:04:02,2025-07-26 11:04:02
717,2000,vip_plus,active,2025-08-31 11:04:02,2025-11-05 11:04:02,2025-08-31 11:04:02
