id,user_id,coupon_code,status,expire_at,created_at
1,8,CPND3V9C9,unused,2025-12-01 11:04:02,2025-08-09 11:04:02
2,9,CPNBYZQMV,used,2025-11-30 11:04:02,2025-07-10 11:04:02
3,16,CPNPH7HVV,unused,2026-01-07 11:04:02,2025-06-13 11:04:02
4,21,CPNNVADXX,unused,2025-11-14 11:04:02,2025-08-27 11:04:02
5,23,CPN2WZ22L,used,2025-10-31 11:04:02,2025-06-30 11:04:02
6,24,CPN7F7GDD,unused,2025-11-06 11:04:02,2025-06-11 11:04:02
7,28,CPNUFM64A,expired,2025-12-03 11:04:02,2025-06-18 11:04:02
8,29,CPNUKNVPO,expired,2025-12-20 11:04:02,2025-06-22 11:04:02
9,31,CPNT6UEMX,used,2025-11-13 11:04:02,2025-07-07 11:04:02
10,42,CPN67WD0C,used,2025-12-18 11:04:02,2025-08-15 11:04:02
11,45,CPNH57QOY,expired,2025-12-05 11:04:02,2025-07-20 11:04:02
12,49,CPNIV53AN,expired,2025-12-23 11:04:02,2025-06-21 11:04:02
13,50,CPNUH271V,unused,2025-12-29 11:04:02,2025-06-25 11:04:02
14,53,CPN5WPL7X,expired,2025-11-08 11:04:02,2025-09-01 11:04:02
15,55,CPNGTL5X0,used,2025-11-15 11:04:02,2025-08-03 11:04:02
16,67,CPN16YCW8,unused,2026-01-04 11:04:02,2025-08-28 11:04:02
17,68,CPN188D33,expired,2025-12-13 11:04:02,2025-07-17 11:04:02
18,76,CPNDAI5K3,unused,2025-12-09 11:04:02,2025-09-05 11:04:02
19,83,CPNBRTPAQ,unused,2025-11-12 11:04:02,2025-08-21 11:04:02
20,84,CPNQ285N9,used,2025-11-26 11:04:02,2025-08-18 11:04:02
21,92,CPNEFZ3SO,expired,2026-01-02 11:04:02,2025-07-31 11:04:02
22,97,CPN8LCL9A,used,2025-11-26 11:04:02,2025-07-30 11:04:02
23,102,CPNDQF8C6,expired,2025-12-20 11:04:02,2025-06-15 11:04:02
24,106,CPNFDTF31,expired,2025-10-26 11:04:02,2025-07-29 11:04:02
25,108,CPNLIVL70,used,2025-12-04 11:04:02,2025-07-21 11:04:02
26,114,CPN51Y4QT,expired,2025-12-30 11:04:02,2025-08-27 11:04:02
27,121,CPN0AAV80,used,2025-12-13 11:04:02,2025-08-30 11:04:02
28,123,CPN2V67WG,used,2025-10-29 11:04:02,2025-07-13 11:04:02
29,127,CPN0SCUFO,used,2025-12-10 11:04:02,2025-08-18 11:04:02
30,130,CPNF90K0Q,expired,2025-11-19 11:04:02,2025-09-07 11:04:02
31,132,CPNV4YH38,unused,2025-11-08 11:04:02,2025-07-31 11:04:02
32,137,CPN2J7K7N,used,2025-11-24 11:04:02,2025-08-26 11:04:02
33,142,CPNN1WQ11,unused,2025-12-30 11:04:02,2025-08-24 11:04:02
34,143,CPN89TAIA,expired,2025-10-16 11:04:02,2025-07-17 11:04:02
35,144,CPNXXTPDV,expired,2025-12-17 11:04:02,2025-06-25 11:04:02
36,147,CPN3O4CFT,expired,2025-10-17 11:04:02,2025-07-05 11:04:02
37,160,CPN916BST,expired,2025-11-07 11:04:02,2025-07-30 11:04:02
38,168,CPN1NAI9U,used,2025-11-20 11:04:02,2025-07-13 11:04:02
39,173,CPNVJWO4S,expired,2025-11-15 11:04:02,2025-06-14 11:04:02
40,185,CPNPA7Q4V,used,2025-11-14 11:04:02,2025-07-13 11:04:02
41,186,CPNDQF27P,expired,2025-12-10 11:04:02,2025-07-08 11:04:02
42,199,CPNWAXZW2,expired,2025-12-13 11:04:02,2025-08-18 11:04:02
43,209,CPND3VQF0,unused,2025-11-24 11:04:02,2025-07-05 11:04:02
44,213,CPNZS8L6A,unused,2025-12-20 11:04:02,2025-08-07 11:04:02
45,219,CPNLHZZ81,expired,2025-12-11 11:04:02,2025-08-28 11:04:02
46,221,CPNJWGAEB,expired,2025-12-20 11:04:02,2025-08-03 11:04:02
47,222,CPNF081AH,expired,2025-12-06 11:04:02,2025-09-04 11:04:02
48,223,CPNH3YM1L,used,2025-11-03 11:04:02,2025-07-16 11:04:02
49,224,CPNF0Z7CO,unused,2025-11-08 11:04:02,2025-07-19 11:04:02
50,229,CPN0209EY,expired,2025-12-15 11:04:02,2025-07-05 11:04:02
51,244,CPNJM4KC7,expired,2025-11-27 11:04:02,2025-07-18 11:04:02
52,249,CPN6J6F67,expired,2025-12-31 11:04:02,2025-07-18 11:04:02
53,251,CPNNH6SL8,unused,2026-01-07 11:04:02,2025-08-04 11:04:02
54,252,CPN4KG4KB,unused,2025-11-07 11:04:02,2025-07-18 11:04:02
55,256,CPN5JZPAW,expired,2025-12-11 11:04:02,2025-07-01 11:04:02
56,262,CPNP6D343,unused,2025-12-29 11:04:02,2025-07-17 11:04:02
57,263,CPNDESMKL,unused,2025-12-20 11:04:02,2025-09-03 11:04:02
58,272,CPNFFNZL4,unused,2025-11-11 11:04:02,2025-07-16 11:04:02
59,280,CPN29SLNM,used,2025-12-04 11:04:02,2025-09-04 11:04:02
60,286,CPN695E2H,used,2025-12-05 11:04:02,2025-09-06 11:04:02
61,289,CPNURSS7I,used,2025-11-23 11:04:02,2025-07-12 11:04:02
62,295,CPNKJHEL5,expired,2025-11-16 11:04:02,2025-06-19 11:04:02
63,296,CPNO2JOI6,unused,2025-11-24 11:04:02,2025-07-05 11:04:02
64,298,CPNPKRUAF,expired,2025-12-31 11:04:02,2025-06-18 11:04:02
65,299,CPN8WRY6E,expired,2025-10-19 11:04:02,2025-07-16 11:04:02
66,311,CPNE7EBP0,expired,2025-12-08 11:04:02,2025-08-25 11:04:02
67,313,CPNKOE50Y,expired,2025-11-15 11:04:02,2025-06-26 11:04:02
68,319,CPNTBM2V7,expired,2025-11-02 11:04:02,2025-07-03 11:04:02
69,324,CPNRR6U6S,expired,2025-10-19 11:04:02,2025-08-07 11:04:02
70,328,CPNH8VKJ4,expired,2026-01-03 11:04:02,2025-06-12 11:04:02
71,334,CPNSPHBZD,used,2025-11-18 11:04:02,2025-07-11 11:04:02
72,359,CPN3BLCW9,used,2025-12-06 11:04:02,2025-06-28 11:04:02
73,362,CPN01J6F5,expired,2025-10-29 11:04:02,2025-06-26 11:04:02
74,368,CPN9CPLXE,used,2026-01-02 11:04:02,2025-07-15 11:04:02
75,372,CPN0SZRGI,unused,2025-10-17 11:04:02,2025-08-03 11:04:02
76,377,CPND2IY7P,used,2026-01-02 11:04:02,2025-06-12 11:04:02
77,380,CPNHXL33C,unused,2025-12-17 11:04:02,2025-06-15 11:04:02
78,383,CPNXTLVOJ,unused,2025-12-07 11:04:02,2025-06-12 11:04:02
79,384,CPNS2UF90,unused,2026-01-03 11:04:02,2025-07-12 11:04:02
80,385,CPNP85HR8,unused,2025-10-22 11:04:02,2025-06-22 11:04:02
81,394,CPNQNMSJ7,expired,2025-12-28 11:04:02,2025-08-05 11:04:02
82,397,CPNQE986E,expired,2026-01-06 11:04:02,2025-08-22 11:04:02
83,399,CPN8WYSL0,expired,2026-01-04 11:04:02,2025-07-16 11:04:02
84,403,CPNTCM0J3,used,2025-10-17 11:04:02,2025-07-20 11:04:02
85,422,CPN4UMVQ6,used,2025-11-06 11:04:02,2025-07-16 11:04:02
86,426,CPNAA2I6O,unused,2025-12-18 11:04:02,2025-09-06 11:04:02
87,431,CPN92X2X5,unused,2025-12-10 11:04:02,2025-07-27 11:04:02
88,435,CPN7EHDIQ,expired,2025-12-01 11:04:02,2025-08-06 11:04:02
89,446,CPN9WR2P2,unused,2025-12-14 11:04:02,2025-08-12 11:04:02
90,465,CPN3SULKW,expired,2025-11-13 11:04:02,2025-08-16 11:04:02
91,468,CPNRNPO1L,expired,2025-10-23 11:04:02,2025-07-07 11:04:02
92,469,CPN9HCYMY,used,2025-10-22 11:04:02,2025-07-05 11:04:02
93,478,CPNYC28WK,unused,2026-01-03 11:04:02,2025-08-02 11:04:02
94,480,CPNXDRMRE,used,2025-10-16 11:04:02,2025-07-17 11:04:02
95,487,CPN29UBXK,expired,2025-12-12 11:04:02,2025-09-05 11:04:02
96,490,CPN3PW2KZ,expired,2025-12-26 11:04:02,2025-08-24 11:04:02
97,492,CPN4LSCLS,expired,2025-12-30 11:04:02,2025-07-08 11:04:02
98,493,CPNKDCC2K,expired,2025-12-10 11:04:02,2025-08-03 11:04:02
99,496,CPNF2N0VH,expired,2025-12-07 11:04:02,2025-06-22 11:04:02
100,498,CPNGNUSMQ,used,2025-12-21 11:04:02,2025-08-14 11:04:02
101,499,CPNX53K1X,unused,2025-12-29 11:04:02,2025-09-07 11:04:02
102,509,CPN5NDST4,expired,2025-10-17 11:04:02,2025-09-09 11:04:02
103,513,CPNR0VNDP,unused,2025-11-05 11:04:02,2025-08-27 11:04:02
104,516,CPNKOFC2F,expired,2025-12-29 11:04:02,2025-07-09 11:04:02
105,523,CPNJFF1F8,expired,2025-11-09 11:04:02,2025-08-05 11:04:02
106,526,CPNE6KR6W,unused,2025-12-23 11:04:02,2025-08-07 11:04:02
107,528,CPNW4LNX3,expired,2026-01-04 11:04:02,2025-07-31 11:04:02
108,532,CPNNXHP5V,unused,2025-11-27 11:04:02,2025-07-03 11:04:02
109,534,CPNATTL6D,unused,2026-01-02 11:04:02,2025-07-24 11:04:02
110,538,CPNHAS2O2,unused,2025-10-25 11:04:02,2025-08-21 11:04:02
111,539,CPN8M9OZW,expired,2025-10-23 11:04:02,2025-08-22 11:04:02
112,542,CPNVXIHHX,used,2025-12-14 11:04:02,2025-07-16 11:04:02
113,545,CPN0OMEWV,unused,2025-12-26 11:04:02,2025-07-14 11:04:02
114,551,CPNLJRPYO,unused,2025-12-20 11:04:02,2025-08-09 11:04:02
115,557,CPNDPQP2Z,used,2025-12-25 11:04:02,2025-07-26 11:04:02
116,560,CPNERNFXS,expired,2025-12-22 11:04:02,2025-07-27 11:04:02
117,566,CPNCQX07A,expired,2025-11-30 11:04:02,2025-07-29 11:04:02
118,572,CPNSLG1SX,expired,2025-12-14 11:04:02,2025-07-19 11:04:02
119,575,CPND6LA42,used,2025-12-10 11:04:02,2025-07-02 11:04:02
120,576,CPNDDKBTA,unused,2025-12-15 11:04:02,2025-07-28 11:04:02
121,578,CPNLWLQPA,unused,2025-12-10 11:04:02,2025-07-22 11:04:02
122,583,CPNKY986T,used,2025-12-23 11:04:02,2025-09-03 11:04:02
123,585,CPNJIQVAK,unused,2025-11-27 11:04:02,2025-07-21 11:04:02
124,596,CPNJCOIR2,used,2026-01-03 11:04:02,2025-06-23 11:04:02
125,597,CPN37OUDW,expired,2025-10-25 11:04:02,2025-07-13 11:04:02
126,605,CPNN8RS3A,unused,2025-11-24 11:04:02,2025-07-15 11:04:02
127,608,CPNUCD1KP,unused,2026-01-04 11:04:02,2025-07-03 11:04:02
128,609,CPNWL2R8S,expired,2025-12-02 11:04:02,2025-07-04 11:04:02
129,620,CPN7JO4QI,used,2025-12-01 11:04:02,2025-09-04 11:04:02
130,624,CPN8V6MF9,expired,2025-12-06 11:04:02,2025-07-11 11:04:02
131,643,CPN32IUY6,unused,2025-12-12 11:04:02,2025-07-23 11:04:02
132,649,CPNJME930,unused,2025-11-07 11:04:02,2025-09-02 11:04:02
133,653,CPN2YB230,expired,2025-11-24 11:04:02,2025-06-20 11:04:02
134,654,CPNDFAYSP,used,2025-12-06 11:04:02,2025-08-19 11:04:02
135,657,CPNPT11CQ,expired,2025-11-09 11:04:02,2025-06-15 11:04:02
136,658,CPNH9EHNZ,expired,2025-10-22 11:04:02,2025-07-18 11:04:02
137,683,CPN09LBLS,used,2025-12-16 11:04:02,2025-07-24 11:04:02
138,684,CPNG6UDC3,unused,2025-10-29 11:04:02,2025-08-17 11:04:02
139,685,CPN60WHTK,expired,2025-11-02 11:04:02,2025-09-07 11:04:02
140,686,CPN8ZT2GO,expired,2025-12-10 11:04:02,2025-08-17 11:04:02
141,689,CPNNJ3VQB,used,2025-12-28 11:04:02,2025-06-14 11:04:02
142,690,CPNNZ9URI,unused,2025-12-31 11:04:02,2025-06-26 11:04:02
143,694,CPNNHLTHT,used,2025-11-30 11:04:02,2025-08-06 11:04:02
144,700,CPN1T1G3C,unused,2025-12-14 11:04:02,2025-06-22 11:04:02
145,703,CPNICIHQA,unused,2025-12-26 11:04:02,2025-09-04 11:04:02
146,705,CPNTLVYGS,unused,2025-10-28 11:04:02,2025-06-23 11:04:02
147,720,CPNN2D0B2,expired,2025-10-21 11:04:02,2025-08-29 11:04:02
148,721,CPNJ0YDZ7,used,2025-12-04 11:04:02,2025-07-30 11:04:02
149,724,CPNWCHV9H,expired,2025-10-19 11:04:02,2025-06-21 11:04:02
150,727,CPN6QMHBQ,expired,2025-12-27 11:04:02,2025-07-12 11:04:02
151,730,CPNWSUM0I,expired,2025-12-04 11:04:02,2025-07-09 11:04:02
152,738,CPNLJQQBC,used,2025-11-10 11:04:02,2025-06-11 11:04:02
153,740,CPNDTJ58D,used,2025-10-17 11:04:02,2025-06-28 11:04:02
154,742,CPNLY8GO0,used,2025-10-28 11:04:02,2025-07-13 11:04:02
155,757,CPNRPIJDI,unused,2025-11-21 11:04:02,2025-06-23 11:04:02
156,760,CPN6LJMIF,used,2025-11-17 11:04:02,2025-07-01 11:04:02
157,767,CPNYY8ZD8,unused,2025-12-22 11:04:02,2025-07-30 11:04:02
158,769,CPNZFAO04,used,2025-11-14 11:04:02,2025-08-14 11:04:02
159,779,CPNAB8C8T,expired,2025-11-05 11:04:02,2025-08-17 11:04:02
160,785,CPNTSK9NF,unused,2025-12-15 11:04:02,2025-08-02 11:04:02
161,786,CPN086FVR,expired,2025-11-30 11:04:02,2025-08-30 11:04:02
162,787,CPNUZ7TSN,used,2025-10-23 11:04:02,2025-08-10 11:04:02
163,793,CPNTR74FV,expired,2025-11-03 11:04:02,2025-08-31 11:04:02
164,804,CPN7JOX8I,used,2025-11-12 11:04:02,2025-06-26 11:04:02
165,810,CPN6HET0H,expired,2025-11-15 11:04:02,2025-08-27 11:04:02
166,823,CPNBX2SYC,used,2026-01-07 11:04:02,2025-08-26 11:04:02
167,833,CPNX15PT5,unused,2025-11-27 11:04:02,2025-08-24 11:04:02
168,835,CPN9ALKMS,unused,2026-01-07 11:04:02,2025-08-18 11:04:02
169,836,CPN1UWKY6,unused,2025-11-12 11:04:02,2025-08-31 11:04:02
170,846,CPN39UP10,expired,2025-11-27 11:04:02,2025-08-02 11:04:02
171,850,CPNEYXL5N,used,2025-12-27 11:04:02,2025-07-14 11:04:02
172,856,CPN8P8Y2A,unused,2025-11-15 11:04:02,2025-07-02 11:04:02
173,857,CPNG798V6,expired,2025-11-25 11:04:02,2025-07-08 11:04:02
174,859,CPNYAPWOO,used,2025-11-01 11:04:02,2025-07-06 11:04:02
175,861,CPNRU9MUC,used,2026-01-06 11:04:02,2025-07-08 11:04:02
176,871,CPN1HQCOB,used,2025-11-15 11:04:02,2025-09-02 11:04:02
177,872,CPNG9A48F,expired,2025-12-10 11:04:02,2025-08-12 11:04:02
178,873,CPNFZ0F7C,expired,2025-11-05 11:04:02,2025-06-11 11:04:02
179,878,CPNUR9Q54,unused,2025-11-17 11:04:02,2025-08-20 11:04:02
180,879,CPNLV3CUR,expired,2025-12-31 11:04:02,2025-06-24 11:04:02
181,883,CPN5Q14YS,used,2025-12-16 11:04:02,2025-06-22 11:04:02
182,887,CPNLL1CIT,used,2025-10-22 11:04:02,2025-08-24 11:04:02
183,891,CPNS9NPQB,used,2025-11-27 11:04:02,2025-07-22 11:04:02
184,900,CPNO600ZJ,expired,2025-12-26 11:04:02,2025-07-03 11:04:02
185,901,CPNFNJX13,expired,2025-11-26 11:04:02,2025-08-23 11:04:02
186,908,CPNOVG7CB,used,2025-12-11 11:04:02,2025-06-22 11:04:02
187,909,CPNOWVXCG,expired,2025-11-20 11:04:02,2025-08-23 11:04:02
188,913,CPNLUB58Q,used,2025-12-12 11:04:02,2025-07-27 11:04:02
189,914,CPN7F96WQ,expired,2025-11-09 11:04:02,2025-07-06 11:04:02
190,915,CPNPEU5TF,expired,2025-12-04 11:04:02,2025-08-02 11:04:02
191,917,CPNTJ8QOX,used,2026-01-02 11:04:02,2025-07-15 11:04:02
192,918,CPN3E1U9Q,used,2025-12-31 11:04:02,2025-07-31 11:04:02
193,919,CPNYGXSKP,used,2025-10-30 11:04:02,2025-06-20 11:04:02
194,923,CPNS3EQWQ,used,2025-11-06 11:04:02,2025-06-27 11:04:02
195,927,CPNE764QN,unused,2025-11-11 11:04:02,2025-06-23 11:04:02
196,928,CPNUERGLE,expired,2025-11-29 11:04:02,2025-07-04 11:04:02
197,930,CPNAV6HBY,unused,2025-10-17 11:04:02,2025-07-18 11:04:02
198,931,CPNJISWJP,expired,2025-12-25 11:04:02,2025-08-15 11:04:02
199,932,CPNJ7YKFV,used,2025-11-01 11:04:02,2025-07-07 11:04:02
200,950,CPNAV6ANB,unused,2025-10-25 11:04:02,2025-07-30 11:04:02
201,976,CPN6AUTSD,used,2025-11-17 11:04:02,2025-06-18 11:04:02
202,979,CPN9E5XZ4,used,2026-01-07 11:04:02,2025-08-25 11:04:02
203,1001,CPN1SIRPM,used,2025-11-17 11:04:02,2025-08-17 11:04:02
204,1002,CPNFIV88F,unused,2026-01-07 11:04:02,2025-08-25 11:04:02
205,1016,CPNBGKNVD,expired,2025-12-22 11:04:02,2025-07-21 11:04:02
206,1018,CPNK3J8DT,used,2025-10-28 11:04:02,2025-06-27 11:04:02
207,1032,CPNV4XCO7,expired,2025-12-21 11:04:02,2025-09-08 11:04:02
208,1034,CPN7M0IT1,unused,2025-11-13 11:04:02,2025-07-03 11:04:02
209,1051,CPNFOWCSA,used,2025-12-26 11:04:02,2025-08-05 11:04:02
210,1053,CPNFFN1PO,unused,2025-11-12 11:04:02,2025-06-25 11:04:02
211,1065,CPN0PIB6J,expired,2025-12-13 11:04:02,2025-06-26 11:04:02
212,1083,CPNSE0HF1,expired,2025-12-08 11:04:02,2025-07-28 11:04:02
213,1084,CPNV0KD13,used,2025-11-07 11:04:02,2025-08-23 11:04:02
214,1086,CPNMGV0LU,expired,2025-12-04 11:04:02,2025-08-11 11:04:02
215,1090,CPNJ27HGH,used,2025-11-19 11:04:02,2025-06-14 11:04:02
216,1093,CPNFL7RQ8,unused,2025-11-09 11:04:02,2025-08-23 11:04:02
217,1094,CPN5BQZXD,expired,2026-01-03 11:04:02,2025-07-22 11:04:02
218,1103,CPN7IKAXP,expired,2025-12-17 11:04:02,2025-08-13 11:04:02
219,1110,CPNYDYPVY,unused,2025-12-20 11:04:02,2025-06-13 11:04:02
220,1119,CPNERF2T2,expired,2025-12-17 11:04:02,2025-08-26 11:04:02
221,1127,CPNUO4N4S,used,2025-11-03 11:04:02,2025-06-28 11:04:02
222,1131,CPNF6RA5B,expired,2025-11-29 11:04:02,2025-07-22 11:04:02
223,1149,CPNGMTQKK,expired,2026-01-06 11:04:02,2025-08-02 11:04:02
224,1150,CPNOITO8A,expired,2025-12-11 11:04:02,2025-07-09 11:04:02
225,1155,CPNWASU8F,used,2025-11-12 11:04:02,2025-09-03 11:04:02
226,1163,CPNJXBMTN,used,2025-11-09 11:04:02,2025-07-25 11:04:02
227,1165,CPNKJY86F,used,2026-01-01 11:04:02,2025-06-18 11:04:02
228,1167,CPNWSU99D,used,2025-11-26 11:04:02,2025-07-27 11:04:02
229,1172,CPN4ULIBI,expired,2025-11-24 11:04:02,2025-06-18 11:04:02
230,1184,CPNSR0XUH,expired,2025-11-11 11:04:02,2025-07-20 11:04:02
231,1188,CPNSI9J3D,expired,2025-11-08 11:04:02,2025-06-27 11:04:02
232,1191,CPNHO0V0O,used,2025-12-11 11:04:02,2025-07-08 11:04:02
233,1193,CPNP8E4SS,unused,2025-12-23 11:04:02,2025-07-08 11:04:02
234,1195,CPNLUUWYE,expired,2025-11-12 11:04:02,2025-07-10 11:04:02
235,1196,CPNYSD2QF,used,2025-10-22 11:04:02,2025-07-01 11:04:02
236,1199,CPNZU0ZXV,expired,2025-12-11 11:04:02,2025-08-11 11:04:02
237,1200,CPN4B613H,used,2025-10-18 11:04:02,2025-09-04 11:04:02
238,1211,CPNWLGMFT,expired,2025-11-04 11:04:02,2025-09-05 11:04:02
239,1215,CPNBLUXTF,unused,2025-12-12 11:04:02,2025-06-18 11:04:02
240,1220,CPNOB6DBF,expired,2025-10-23 11:04:02,2025-09-01 11:04:02
241,1224,CPNXA5GY4,used,2025-10-21 11:04:02,2025-09-09 11:04:02
242,1234,CPNF164DD,expired,2025-12-26 11:04:02,2025-08-31 11:04:02
243,1237,CPNBDODLY,unused,2026-01-01 11:04:02,2025-07-01 11:04:02
244,1239,CPNS937SN,expired,2025-10-28 11:04:02,2025-06-23 11:04:02
245,1241,CPNV7240S,unused,2025-12-16 11:04:02,2025-06-22 11:04:02
246,1244,CPNCY5KXM,used,2025-10-29 11:04:02,2025-09-01 11:04:02
247,1245,CPNYMB3DJ,used,2025-10-18 11:04:02,2025-07-28 11:04:02
248,1247,CPNQRJWP5,used,2025-12-31 11:04:02,2025-07-23 11:04:02
249,1248,CPNE4MZKQ,unused,2025-12-20 11:04:02,2025-09-01 11:04:02
250,1255,CPNKLH4X3,expired,2025-10-22 11:04:02,2025-06-17 11:04:02
251,1263,CPNJ1X2FY,expired,2025-10-31 11:04:02,2025-08-15 11:04:02
252,1264,CPNQNXKLE,used,2025-11-25 11:04:02,2025-07-25 11:04:02
253,1266,CPN8FZPCC,used,2025-12-07 11:04:02,2025-09-07 11:04:02
254,1270,CPNIM6TOK,used,2026-01-06 11:04:02,2025-07-09 11:04:02
255,1278,CPNUAUPI0,used,2025-11-09 11:04:02,2025-08-02 11:04:02
256,1282,CPN5HQMFM,unused,2025-12-23 11:04:02,2025-06-15 11:04:02
257,1297,CPNAEFJYR,used,2025-11-13 11:04:02,2025-07-04 11:04:02
258,1304,CPNZWANJF,used,2026-01-07 11:04:02,2025-06-11 11:04:02
259,1311,CPNG7BVVT,unused,2025-11-18 11:04:02,2025-07-24 11:04:02
260,1317,CPN4KWYPD,used,2025-11-19 11:04:02,2025-07-05 11:04:02
261,1320,CPN1KZE1M,expired,2026-01-01 11:04:02,2025-06-21 11:04:02
262,1334,CPN0WYVPK,unused,2026-01-07 11:04:02,2025-07-15 11:04:02
263,1349,CPNEM3KMC,unused,2025-12-18 11:04:02,2025-08-23 11:04:02
264,1350,CPNHJ9IVC,expired,2025-12-22 11:04:02,2025-08-09 11:04:02
265,1353,CPNEFJYFN,unused,2025-11-06 11:04:02,2025-08-21 11:04:02
266,1354,CPNM5A7GS,expired,2025-11-29 11:04:02,2025-07-05 11:04:02
267,1357,CPNWTMBMO,unused,2025-12-20 11:04:02,2025-07-22 11:04:02
268,1358,CPNGWHHE6,unused,2025-11-17 11:04:02,2025-06-14 11:04:02
269,1359,CPNC1K7H8,expired,2026-01-01 11:04:02,2025-09-02 11:04:02
270,1367,CPN8LSL59,unused,2025-12-10 11:04:02,2025-06-25 11:04:02
271,1371,CPN37D3TM,expired,2025-11-22 11:04:02,2025-07-29 11:04:02
272,1374,CPNRE8LR9,unused,2025-11-28 11:04:02,2025-06-30 11:04:02
273,1376,CPNPG3L2L,used,2025-12-04 11:04:02,2025-07-18 11:04:02
274,1381,CPN5Y4YS4,expired,2025-12-22 11:04:02,2025-08-23 11:04:02
275,1403,CPNELGBMD,unused,2025-12-15 11:04:02,2025-07-24 11:04:02
276,1409,CPN9FTKGW,expired,2025-12-20 11:04:02,2025-07-03 11:04:02
277,1417,CPN4Z5XRY,expired,2025-11-27 11:04:02,2025-06-20 11:04:02
278,1418,CPN5CM9B5,expired,2025-12-01 11:04:02,2025-07-24 11:04:02
279,1419,CPNB7UOGU,used,2026-01-02 11:04:02,2025-08-27 11:04:02
280,1425,CPNVB1C86,unused,2025-11-28 11:04:02,2025-06-20 11:04:02
281,1426,CPNYM38VW,expired,2025-12-23 11:04:02,2025-08-23 11:04:02
282,1430,CPNVE2298,expired,2025-12-22 11:04:02,2025-07-09 11:04:02
283,1431,CPNVLGTTA,expired,2025-10-21 11:04:02,2025-06-19 11:04:02
284,1438,CPNCZ6GOT,expired,2025-11-24 11:04:02,2025-08-15 11:04:02
285,1440,CPN08AW84,expired,2025-12-30 11:04:02,2025-08-04 11:04:02
286,1446,CPNV9DKO9,expired,2025-12-09 11:04:02,2025-06-15 11:04:02
287,1449,CPN28SM8D,used,2025-11-16 11:04:02,2025-07-06 11:04:02
288,1455,CPNZHCI8B,unused,2025-11-13 11:04:02,2025-09-02 11:04:02
289,1468,CPNLSOSKD,used,2025-10-26 11:04:02,2025-07-29 11:04:02
290,1470,CPNVWD2UN,unused,2025-10-30 11:04:02,2025-07-21 11:04:02
291,1471,CPNENS28T,used,2025-12-27 11:04:02,2025-06-19 11:04:02
292,1476,CPNI5BBOD,used,2025-12-18 11:04:02,2025-09-07 11:04:02
293,1477,CPNPK8UMQ,unused,2025-10-18 11:04:02,2025-08-27 11:04:02
294,1480,CPNJ6LNXU,expired,2025-12-15 11:04:02,2025-08-22 11:04:02
295,1481,CPNW96GIY,expired,2025-10-21 11:04:02,2025-08-13 11:04:02
296,1482,CPNR6Y2GA,expired,2025-12-23 11:04:02,2025-09-08 11:04:02
297,1486,CPN818YTF,unused,2025-12-23 11:04:02,2025-07-16 11:04:02
298,1495,CPNYPV9RO,used,2025-12-17 11:04:02,2025-08-31 11:04:02
299,1498,CPNPI8AOU,unused,2025-10-28 11:04:02,2025-08-25 11:04:02
300,1507,CPNKMYM5R,expired,2025-12-16 11:04:02,2025-09-06 11:04:02
301,1513,CPNIILL6D,used,2025-11-19 11:04:02,2025-07-19 11:04:02
302,1515,CPNXI1DDO,expired,2025-10-18 11:04:02,2025-08-31 11:04:02
303,1519,CPNZ9OOT2,used,2025-12-13 11:04:02,2025-08-12 11:04:02
304,1522,CPN586IR6,expired,2025-12-09 11:04:02,2025-08-20 11:04:02
305,1523,CPNCBR53Y,unused,2026-01-07 11:04:02,2025-07-05 11:04:02
306,1530,CPN2M1RBX,expired,2025-10-29 11:04:02,2025-09-04 11:04:02
307,1531,CPNJZ8WHC,expired,2025-12-29 11:04:02,2025-07-17 11:04:02
308,1532,CPNY04TJX,used,2025-11-13 11:04:02,2025-08-28 11:04:02
309,1534,CPN8Y4ZYY,used,2026-01-03 11:04:02,2025-08-21 11:04:02
310,1539,CPN00G5KE,used,2025-12-31 11:04:02,2025-07-21 11:04:02
311,1540,CPNMB772F,unused,2025-11-28 11:04:02,2025-06-23 11:04:02
312,1546,CPNVGSRRO,used,2025-10-18 11:04:02,2025-07-10 11:04:02
313,1566,CPNA0UT8G,expired,2025-11-09 11:04:02,2025-07-15 11:04:02
314,1573,CPN71Z5EW,expired,2025-11-24 11:04:02,2025-08-19 11:04:02
315,1578,CPN5I7V3X,used,2025-12-30 11:04:02,2025-08-30 11:04:02
316,1589,CPNIL2M3Z,unused,2025-10-20 11:04:02,2025-07-14 11:04:02
317,1594,CPN7W0J27,used,2025-12-18 11:04:02,2025-09-01 11:04:02
318,1597,CPNTZLKQR,used,2025-11-30 11:04:02,2025-06-24 11:04:02
319,1602,CPNPNH0HC,used,2025-10-24 11:04:02,2025-06-21 11:04:02
320,1606,CPNN8H402,unused,2025-11-05 11:04:02,2025-09-06 11:04:02
321,1611,CPNMXQPPL,expired,2025-11-26 11:04:02,2025-06-14 11:04:02
322,1617,CPNS38IEK,expired,2025-11-10 11:04:02,2025-08-02 11:04:02
323,1620,CPNVR97LS,used,2025-11-23 11:04:02,2025-08-15 11:04:02
324,1623,CPNOY4RZE,used,2025-12-14 11:04:02,2025-07-22 11:04:02
325,1624,CPNWQC5F0,used,2025-10-22 11:04:02,2025-09-02 11:04:02
326,1625,CPN4XD4O5,expired,2025-12-30 11:04:02,2025-08-15 11:04:02
327,1629,CPNLSYCF8,used,2025-11-22 11:04:02,2025-08-04 11:04:02
328,1636,CPNUR4ZCT,expired,2025-10-31 11:04:02,2025-08-18 11:04:02
329,1639,CPNN12Y6P,used,2025-12-06 11:04:02,2025-06-30 11:04:02
330,1641,CPND2OKR3,expired,2025-11-07 11:04:02,2025-07-13 11:04:02
331,1653,CPNJEOD0S,unused,2025-12-26 11:04:02,2025-07-26 11:04:02
332,1656,CPNH9PB2T,used,2025-11-30 11:04:02,2025-07-06 11:04:02
333,1659,CPNMMG7GI,used,2025-12-07 11:04:02,2025-08-30 11:04:02
334,1664,CPNTRY5L3,unused,2026-01-02 11:04:02,2025-06-22 11:04:02
335,1665,CPNXMNNJD,expired,2025-10-21 11:04:02,2025-07-23 11:04:02
336,1667,CPNLILRPJ,used,2025-10-24 11:04:02,2025-08-12 11:04:02
337,1674,CPNVV955S,unused,2025-11-24 11:04:02,2025-08-06 11:04:02
338,1675,CPNLCJ7AX,expired,2025-12-12 11:04:02,2025-07-20 11:04:02
339,1681,CPNHV42K1,used,2025-11-17 11:04:02,2025-07-25 11:04:02
340,1683,CPN9TSDFT,expired,2026-01-05 11:04:02,2025-07-12 11:04:02
341,1684,CPNJBPQ4T,expired,2025-10-19 11:04:02,2025-06-14 11:04:02
342,1687,CPNA3U6D8,unused,2025-11-24 11:04:02,2025-06-23 11:04:02
343,1699,CPNAVV4C3,unused,2025-12-29 11:04:02,2025-07-13 11:04:02
344,1702,CPNYF45G2,expired,2025-11-01 11:04:02,2025-09-02 11:04:02
345,1704,CPNLLM0WH,unused,2025-12-02 11:04:02,2025-07-10 11:04:02
346,1712,CPN1LIGD0,used,2025-11-11 11:04:02,2025-08-01 11:04:02
347,1722,CPNY7KCR6,expired,2026-01-03 11:04:02,2025-08-04 11:04:02
348,1725,CPNEGJN2Z,used,2025-12-26 11:04:02,2025-06-11 11:04:02
349,1728,CPNY0TZLZ,expired,2025-12-03 11:04:02,2025-06-27 11:04:02
350,1729,CPNZ6KIKW,used,2025-12-17 11:04:02,2025-07-22 11:04:02
351,1732,CPN9XGENC,used,2026-01-07 11:04:02,2025-06-26 11:04:02
352,1734,CPNTHWP7Y,used,2026-01-04 11:04:02,2025-08-14 11:04:02
353,1735,CPNBYJN8R,expired,2025-12-22 11:04:02,2025-07-28 11:04:02
354,1739,CPNBTG81Q,expired,2025-12-05 11:04:02,2025-08-06 11:04:02
355,1743,CPN63PU5Q,unused,2025-12-03 11:04:02,2025-08-14 11:04:02
356,1746,CPNB7OS1U,used,2025-10-20 11:04:02,2025-08-06 11:04:02
357,1752,CPNCGW3EY,used,2026-01-05 11:04:02,2025-07-04 11:04:02
358,1765,CPN811BI3,used,2025-11-02 11:04:02,2025-08-09 11:04:02
359,1773,CPNOLMQL1,expired,2025-12-15 11:04:02,2025-08-13 11:04:02
360,1776,CPNBZVMK6,unused,2025-10-21 11:04:02,2025-08-02 11:04:02
361,1780,CPNNP9E3J,unused,2025-11-22 11:04:02,2025-08-14 11:04:02
362,1784,CPN1L8UG0,unused,2025-11-14 11:04:02,2025-07-04 11:04:02
363,1785,CPNJDKTRJ,used,2025-12-08 11:04:02,2025-08-19 11:04:02
364,1787,CPNCMEXMP,used,2026-01-07 11:04:02,2025-06-11 11:04:02
365,1790,CPNGFLIYX,expired,2025-12-15 11:04:02,2025-07-28 11:04:02
366,1802,CPNXWAPKC,used,2025-12-27 11:04:02,2025-07-08 11:04:02
367,1806,CPNA916MB,expired,2025-11-18 11:04:02,2025-08-25 11:04:02
368,1809,CPNNB0YY4,expired,2025-12-28 11:04:02,2025-08-23 11:04:02
369,1810,CPN0J1O6G,unused,2026-01-05 11:04:02,2025-07-01 11:04:02
370,1811,CPN16S5XB,used,2025-11-21 11:04:02,2025-08-07 11:04:02
371,1813,CPNCCHVSS,used,2025-10-23 11:04:02,2025-06-21 11:04:02
372,1819,CPN6FVBD9,expired,2025-11-30 11:04:02,2025-09-09 11:04:02
373,1824,CPN1GJPNC,used,2025-11-23 11:04:02,2025-06-19 11:04:02
374,1830,CPNXIIKGS,expired,2025-10-29 11:04:02,2025-08-30 11:04:02
375,1831,CPNFP1FSQ,expired,2025-11-07 11:04:02,2025-06-12 11:04:02
376,1836,CPNLWVBLU,used,2025-11-05 11:04:02,2025-08-05 11:04:02
377,1839,CPNMVX7OV,unused,2025-12-14 11:04:02,2025-08-09 11:04:02
378,1840,CPN6GENRE,expired,2025-12-31 11:04:02,2025-07-05 11:04:02
379,1843,CPNUC5QHA,expired,2025-11-25 11:04:02,2025-08-04 11:04:02
380,1848,CPNNQROIT,unused,2025-11-15 11:04:02,2025-07-17 11:04:02
381,1849,CPN9UI3HV,used,2025-12-28 11:04:02,2025-07-28 11:04:02
382,1850,CPNJQW7F9,expired,2025-11-26 11:04:02,2025-07-27 11:04:02
383,1858,CPNBY4KY6,used,2025-11-01 11:04:02,2025-07-04 11:04:02
384,1861,CPNGFV4L5,used,2026-01-05 11:04:02,2025-07-30 11:04:02
385,1867,CPNKKA0RR,unused,2025-12-02 11:04:02,2025-06-21 11:04:02
386,1868,CPN4XM905,used,2026-01-07 11:04:02,2025-07-11 11:04:02
387,1873,CPNNQ1OCP,unused,2025-10-30 11:04:02,2025-07-28 11:04:02
388,1879,CPNRTH4A8,expired,2025-10-26 11:04:02,2025-06-26 11:04:02
389,1880,CPNPXYMC1,unused,2026-01-01 11:04:02,2025-07-06 11:04:02
390,1881,CPNYKG9SC,expired,2025-11-11 11:04:02,2025-07-19 11:04:02
391,1887,CPN2IDAVJ,expired,2025-10-18 11:04:02,2025-08-16 11:04:02
392,1889,CPN8MBJMS,expired,2025-10-28 11:04:02,2025-09-01 11:04:02
393,1890,CPNTL7HWZ,used,2025-12-23 11:04:02,2025-08-16 11:04:02
394,1902,CPNXD2BI7,used,2025-11-12 11:04:02,2025-06-29 11:04:02
395,1910,CPNBE1V94,expired,2025-10-25 11:04:02,2025-09-03 11:04:02
396,1916,CPNZQSTD1,unused,2025-10-17 11:04:02,2025-07-14 11:04:02
397,1917,CPNS7HXGR,expired,2025-12-05 11:04:02,2025-07-04 11:04:02
398,1926,CPNW210P5,unused,2025-12-12 11:04:02,2025-07-19 11:04:02
399,1927,CPN9LE5AD,expired,2025-12-12 11:04:02,2025-06-20 11:04:02
400,1939,CPNNHIKH4,used,2025-11-11 11:04:02,2025-09-06 11:04:02
401,1940,CPNCJLJFV,unused,2025-11-09 11:04:02,2025-08-16 11:04:02
402,1945,CPNKWDW0I,expired,2025-12-11 11:04:02,2025-08-20 11:04:02
403,1946,CPNS2H3YN,unused,2026-01-02 11:04:02,2025-09-03 11:04:02
404,1949,CPN5GSSCS,expired,2025-11-22 11:04:02,2025-07-26 11:04:02
405,1960,CPNXD0D3A,unused,2026-01-02 11:04:02,2025-07-17 11:04:02
406,1962,CPNHRFCJO,unused,2026-01-07 11:04:02,2025-08-19 11:04:02
407,1964,CPNPNSGHA,expired,2025-12-13 11:04:02,2025-08-06 11:04:02
408,1966,CPNKPIDBY,used,2025-11-06 11:04:02,2025-07-18 11:04:02
409,1969,CPN0JNPHM,used,2025-10-31 11:04:02,2025-08-12 11:04:02
410,1970,CPNZHDOJH,expired,2025-12-30 11:04:02,2025-07-03 11:04:02
411,1971,CPNDDVZTZ,expired,2026-01-01 11:04:02,2025-07-27 11:04:02
412,1977,CPNXZ2T7L,used,2025-12-19 11:04:02,2025-07-15 11:04:02
413,1980,CPN0NOQ91,expired,2025-11-11 11:04:02,2025-07-10 11:04:02
414,1997,CPN3LCZAW,used,2025-11-24 11:04:02,2025-08-17 11:04:02
415,2000,CPN6287JR,used,2025-10-21 11:04:02,2025-08-13 11:04:02
