id,user_id,plan_code,status,start_at,end_at,created_at
1,2,vip,active,2025-06-16 09:27:13,2025-07-04 09:27:13,2025-06-16 09:27:13
2,4,vip_plus,active,2025-07-06 09:27:13,2025-09-17 09:27:13,2025-07-06 09:27:13
3,11,vip_plus,active,2025-07-25 09:27:13,2025-08-21 09:27:13,2025-07-25 09:27:13
4,18,vip_plus,active,2025-07-25 09:27:13,2025-08-09 09:27:13,2025-07-25 09:27:13
5,26,vip_plus,active,2025-07-23 09:27:13,2025-10-07 09:27:13,2025-07-23 09:27:13
6,27,vip_plus,active,2025-06-25 09:27:13,2025-08-03 09:27:13,2025-06-25 09:27:13
7,39,vip_plus,active,2025-07-29 09:27:13,2025-09-13 09:27:13,2025-07-29 09:27:13
8,40,vip,active,2025-09-14 09:27:13,2025-11-12 09:27:13,2025-09-14 09:27:13
9,43,vip,active,2025-08-24 09:27:13,2025-09-08 09:27:13,2025-08-24 09:27:13
10,45,vip,active,2025-07-20 09:27:13,2025-08-30 09:27:13,2025-07-20 09:27:13
11,48,vip_plus,active,2025-06-18 09:27:13,2025-07-18 09:27:13,2025-06-18 09:27:13
12,53,vip,active,2025-07-07 09:27:13,2025-09-15 09:27:13,2025-07-07 09:27:13
13,54,vip_plus,active,2025-08-16 09:27:13,2025-11-04 09:27:13,2025-08-16 09:27:13
14,56,vip,active,2025-07-12 09:27:13,2025-09-18 09:27:13,2025-07-12 09:27:13
15,57,vip,active,2025-06-24 09:27:13,2025-09-17 09:27:13,2025-06-24 09:27:13
16,59,vip,active,2025-08-13 09:27:13,2025-11-03 09:27:13,2025-08-13 09:27:13
17,65,vip,active,2025-07-01 09:27:13,2025-09-09 09:27:13,2025-07-01 09:27:13
18,66,vip_plus,active,2025-07-17 09:27:13,2025-10-15 09:27:13,2025-07-17 09:27:13
19,67,vip,active,2025-08-11 09:27:13,2025-10-11 09:27:13,2025-08-11 09:27:13
20,68,vip_plus,active,2025-08-03 09:27:13,2025-09-28 09:27:13,2025-08-03 09:27:13
21,69,vip_plus,active,2025-07-11 09:27:13,2025-08-05 09:27:13,2025-07-11 09:27:13
22,71,vip_plus,active,2025-08-20 09:27:13,2025-10-14 09:27:13,2025-08-20 09:27:13
23,74,vip,active,2025-07-21 09:27:13,2025-10-08 09:27:13,2025-07-21 09:27:13
24,75,vip_plus,active,2025-07-20 09:27:13,2025-10-03 09:27:13,2025-07-20 09:27:13
25,79,vip_plus,active,2025-08-10 09:27:13,2025-10-28 09:27:13,2025-08-10 09:27:13
26,81,vip,active,2025-08-21 09:27:13,2025-11-01 09:27:13,2025-08-21 09:27:13
27,83,vip,active,2025-07-30 09:27:13,2025-08-31 09:27:13,2025-07-30 09:27:13
28,87,vip_plus,active,2025-06-30 09:27:13,2025-09-06 09:27:13,2025-06-30 09:27:13
29,89,vip_plus,active,2025-07-18 09:27:13,2025-10-06 09:27:13,2025-07-18 09:27:13
30,90,vip_plus,active,2025-07-26 09:27:13,2025-09-18 09:27:13,2025-07-26 09:27:13
31,91,vip_plus,active,2025-06-18 09:27:13,2025-08-07 09:27:13,2025-06-18 09:27:13
32,92,vip,active,2025-06-24 09:27:13,2025-07-22 09:27:13,2025-06-24 09:27:13
33,94,vip_plus,active,2025-07-15 09:27:13,2025-08-02 09:27:13,2025-07-15 09:27:13
34,96,vip_plus,active,2025-09-06 09:27:13,2025-11-06 09:27:13,2025-09-06 09:27:13
35,99,vip_plus,active,2025-08-31 09:27:13,2025-11-18 09:27:13,2025-08-31 09:27:13
36,105,vip_plus,active,2025-09-14 09:27:13,2025-10-06 09:27:13,2025-09-14 09:27:13
37,109,vip_plus,active,2025-07-09 09:27:13,2025-09-13 09:27:13,2025-07-09 09:27:13
38,111,vip_plus,active,2025-09-09 09:27:13,2025-11-05 09:27:13,2025-09-09 09:27:13
39,112,vip_plus,active,2025-08-03 09:27:13,2025-08-28 09:27:13,2025-08-03 09:27:13
40,116,vip,active,2025-06-24 09:27:13,2025-08-21 09:27:13,2025-06-24 09:27:13
41,117,vip_plus,active,2025-07-23 09:27:13,2025-10-14 09:27:13,2025-07-23 09:27:13
42,118,vip_plus,active,2025-08-03 09:27:13,2025-08-23 09:27:13,2025-08-03 09:27:13
43,120,vip_plus,active,2025-08-09 09:27:13,2025-09-08 09:27:13,2025-08-09 09:27:13
44,123,vip,active,2025-07-18 09:27:13,2025-09-10 09:27:13,2025-07-18 09:27:13
45,126,vip,active,2025-09-10 09:27:13,2025-10-18 09:27:13,2025-09-10 09:27:13
46,131,vip_plus,active,2025-08-12 09:27:13,2025-09-29 09:27:13,2025-08-12 09:27:13
47,132,vip_plus,active,2025-08-22 09:27:13,2025-10-19 09:27:13,2025-08-22 09:27:13
48,134,vip_plus,active,2025-07-07 09:27:13,2025-07-28 09:27:13,2025-07-07 09:27:13
49,142,vip,active,2025-08-12 09:27:13,2025-10-15 09:27:13,2025-08-12 09:27:13
50,146,vip,active,2025-07-25 09:27:13,2025-10-01 09:27:13,2025-07-25 09:27:13
51,148,vip_plus,active,2025-09-05 09:27:13,2025-11-26 09:27:13,2025-09-05 09:27:13
52,151,vip_plus,active,2025-06-19 09:27:13,2025-08-11 09:27:13,2025-06-19 09:27:13
53,156,vip_plus,active,2025-06-25 09:27:13,2025-07-26 09:27:13,2025-06-25 09:27:13
54,166,vip_plus,active,2025-09-13 09:27:13,2025-11-14 09:27:13,2025-09-13 09:27:13
55,169,vip,active,2025-08-25 09:27:13,2025-11-07 09:27:13,2025-08-25 09:27:13
56,174,vip,active,2025-06-19 09:27:13,2025-08-26 09:27:13,2025-06-19 09:27:13
57,177,vip,active,2025-09-14 09:27:13,2025-10-17 09:27:13,2025-09-14 09:27:13
58,178,vip_plus,active,2025-07-19 09:27:13,2025-10-06 09:27:13,2025-07-19 09:27:13
59,179,vip_plus,active,2025-06-20 09:27:13,2025-08-08 09:27:13,2025-06-20 09:27:13
60,181,vip_plus,active,2025-07-15 09:27:13,2025-09-01 09:27:13,2025-07-15 09:27:13
61,182,vip_plus,active,2025-06-28 09:27:13,2025-08-18 09:27:13,2025-06-28 09:27:13
62,186,vip,active,2025-09-09 09:27:13,2025-09-24 09:27:13,2025-09-09 09:27:13
63,188,vip,active,2025-07-28 09:27:13,2025-09-18 09:27:13,2025-07-28 09:27:13
64,192,vip,active,2025-06-20 09:27:13,2025-09-06 09:27:13,2025-06-20 09:27:13
65,193,vip_plus,active,2025-07-30 09:27:13,2025-09-20 09:27:13,2025-07-30 09:27:13
66,195,vip_plus,active,2025-08-11 09:27:13,2025-08-26 09:27:13,2025-08-11 09:27:13
67,196,vip,active,2025-07-11 09:27:13,2025-08-24 09:27:13,2025-07-11 09:27:13
68,199,vip,active,2025-06-29 09:27:13,2025-08-04 09:27:13,2025-06-29 09:27:13
69,202,vip_plus,active,2025-07-08 09:27:13,2025-08-25 09:27:13,2025-07-08 09:27:13
70,204,vip_plus,active,2025-09-11 09:27:13,2025-11-21 09:27:13,2025-09-11 09:27:13
71,205,vip,active,2025-08-11 09:27:13,2025-10-15 09:27:13,2025-08-11 09:27:13
72,213,vip,active,2025-07-13 09:27:13,2025-08-05 09:27:13,2025-07-13 09:27:13
73,223,vip,active,2025-09-04 09:27:13,2025-09-24 09:27:13,2025-09-04 09:27:13
74,226,vip,active,2025-07-02 09:27:13,2025-09-16 09:27:13,2025-07-02 09:27:13
75,227,vip_plus,active,2025-06-21 09:27:13,2025-07-06 09:27:13,2025-06-21 09:27:13
76,231,vip_plus,active,2025-08-30 09:27:13,2025-10-21 09:27:13,2025-08-30 09:27:13
77,234,vip_plus,active,2025-06-21 09:27:13,2025-09-18 09:27:13,2025-06-21 09:27:13
78,238,vip_plus,active,2025-09-07 09:27:13,2025-09-25 09:27:13,2025-09-07 09:27:13
79,241,vip,active,2025-07-20 09:27:13,2025-10-07 09:27:13,2025-07-20 09:27:13
80,244,vip,active,2025-08-21 09:27:13,2025-10-27 09:27:13,2025-08-21 09:27:13
81,250,vip_plus,active,2025-08-06 09:27:13,2025-10-17 09:27:13,2025-08-06 09:27:13
82,251,vip,active,2025-07-09 09:27:13,2025-08-09 09:27:13,2025-07-09 09:27:13
83,254,vip_plus,active,2025-08-02 09:27:13,2025-10-01 09:27:13,2025-08-02 09:27:13
84,255,vip,active,2025-06-30 09:27:13,2025-08-20 09:27:13,2025-06-30 09:27:13
85,256,vip_plus,active,2025-08-23 09:27:13,2025-09-20 09:27:13,2025-08-23 09:27:13
86,266,vip,active,2025-07-09 09:27:13,2025-09-29 09:27:13,2025-07-09 09:27:13
87,268,vip_plus,active,2025-08-08 09:27:13,2025-10-25 09:27:13,2025-08-08 09:27:13
88,269,vip,active,2025-06-23 09:27:13,2025-09-16 09:27:13,2025-06-23 09:27:13
89,277,vip_plus,active,2025-07-31 09:27:13,2025-09-27 09:27:13,2025-07-31 09:27:13
90,282,vip_plus,active,2025-08-03 09:27:13,2025-10-03 09:27:13,2025-08-03 09:27:13
91,284,vip,active,2025-08-13 09:27:13,2025-09-26 09:27:13,2025-08-13 09:27:13
92,286,vip_plus,active,2025-07-25 09:27:13,2025-09-09 09:27:13,2025-07-25 09:27:13
93,292,vip,active,2025-07-03 09:27:13,2025-08-17 09:27:13,2025-07-03 09:27:13
94,293,vip_plus,active,2025-08-18 09:27:13,2025-10-26 09:27:13,2025-08-18 09:27:13
95,294,vip_plus,active,2025-07-01 09:27:13,2025-09-10 09:27:13,2025-07-01 09:27:13
96,296,vip_plus,active,2025-08-21 09:27:13,2025-11-05 09:27:13,2025-08-21 09:27:13
97,297,vip_plus,active,2025-09-06 09:27:13,2025-10-03 09:27:13,2025-09-06 09:27:13
98,299,vip,active,2025-06-16 09:27:13,2025-09-04 09:27:13,2025-06-16 09:27:13
99,304,vip,active,2025-08-23 09:27:13,2025-10-02 09:27:13,2025-08-23 09:27:13
100,306,vip_plus,active,2025-08-16 09:27:13,2025-10-29 09:27:13,2025-08-16 09:27:13
101,313,vip_plus,active,2025-09-02 09:27:13,2025-10-05 09:27:13,2025-09-02 09:27:13
102,315,vip,active,2025-07-12 09:27:13,2025-09-08 09:27:13,2025-07-12 09:27:13
103,317,vip_plus,active,2025-08-03 09:27:13,2025-10-04 09:27:13,2025-08-03 09:27:13
104,322,vip,active,2025-07-10 09:27:13,2025-09-15 09:27:13,2025-07-10 09:27:13
105,323,vip,active,2025-08-22 09:27:13,2025-09-11 09:27:13,2025-08-22 09:27:13
106,324,vip,active,2025-07-25 09:27:13,2025-10-02 09:27:13,2025-07-25 09:27:13
107,327,vip_plus,active,2025-07-15 09:27:13,2025-10-01 09:27:13,2025-07-15 09:27:13
108,331,vip_plus,active,2025-06-28 09:27:13,2025-08-24 09:27:13,2025-06-28 09:27:13
109,333,vip,active,2025-08-24 09:27:13,2025-09-26 09:27:13,2025-08-24 09:27:13
110,336,vip,active,2025-07-19 09:27:13,2025-09-07 09:27:13,2025-07-19 09:27:13
111,339,vip_plus,active,2025-08-09 09:27:13,2025-09-29 09:27:13,2025-08-09 09:27:13
112,341,vip,active,2025-09-01 09:27:13,2025-09-20 09:27:13,2025-09-01 09:27:13
113,344,vip_plus,active,2025-09-05 09:27:13,2025-11-01 09:27:13,2025-09-05 09:27:13
114,347,vip_plus,active,2025-08-27 09:27:13,2025-09-26 09:27:13,2025-08-27 09:27:13
115,348,vip,active,2025-07-10 09:27:13,2025-08-13 09:27:13,2025-07-10 09:27:13
116,352,vip_plus,active,2025-08-13 09:27:13,2025-10-27 09:27:13,2025-08-13 09:27:13
117,355,vip,active,2025-07-01 09:27:13,2025-08-26 09:27:13,2025-07-01 09:27:13
118,361,vip_plus,active,2025-08-29 09:27:13,2025-11-21 09:27:13,2025-08-29 09:27:13
119,365,vip_plus,active,2025-09-12 09:27:13,2025-11-26 09:27:13,2025-09-12 09:27:13
120,367,vip_plus,active,2025-07-18 09:27:13,2025-10-10 09:27:13,2025-07-18 09:27:13
121,370,vip_plus,active,2025-07-08 09:27:13,2025-08-29 09:27:13,2025-07-08 09:27:13
122,372,vip_plus,active,2025-07-08 09:27:13,2025-07-31 09:27:13,2025-07-08 09:27:13
123,373,vip_plus,active,2025-06-27 09:27:13,2025-08-29 09:27:13,2025-06-27 09:27:13
124,379,vip_plus,active,2025-09-13 09:27:13,2025-11-03 09:27:13,2025-09-13 09:27:13
125,380,vip_plus,active,2025-08-23 09:27:13,2025-10-21 09:27:13,2025-08-23 09:27:13
126,382,vip,active,2025-08-29 09:27:13,2025-11-27 09:27:13,2025-08-29 09:27:13
127,387,vip_plus,active,2025-07-29 09:27:13,2025-10-20 09:27:13,2025-07-29 09:27:13
128,389,vip_plus,active,2025-07-09 09:27:13,2025-09-13 09:27:13,2025-07-09 09:27:13
129,390,vip_plus,active,2025-07-13 09:27:13,2025-09-06 09:27:13,2025-07-13 09:27:13
130,391,vip_plus,active,2025-08-25 09:27:13,2025-11-18 09:27:13,2025-08-25 09:27:13
131,398,vip,active,2025-06-25 09:27:13,2025-08-27 09:27:13,2025-06-25 09:27:13
132,399,vip_plus,active,2025-08-17 09:27:13,2025-10-16 09:27:13,2025-08-17 09:27:13
133,401,vip,active,2025-08-01 09:27:13,2025-09-08 09:27:13,2025-08-01 09:27:13
134,403,vip,active,2025-07-24 09:27:13,2025-09-19 09:27:13,2025-07-24 09:27:13
135,404,vip_plus,active,2025-07-13 09:27:13,2025-07-29 09:27:13,2025-07-13 09:27:13
136,408,vip,active,2025-07-08 09:27:13,2025-09-09 09:27:13,2025-07-08 09:27:13
137,410,vip,active,2025-08-18 09:27:13,2025-11-09 09:27:13,2025-08-18 09:27:13
138,411,vip_plus,active,2025-08-02 09:27:13,2025-08-26 09:27:13,2025-08-02 09:27:13
139,412,vip,active,2025-07-21 09:27:13,2025-08-28 09:27:13,2025-07-21 09:27:13
140,416,vip,active,2025-09-12 09:27:13,2025-10-17 09:27:13,2025-09-12 09:27:13
141,417,vip_plus,active,2025-06-29 09:27:13,2025-07-18 09:27:13,2025-06-29 09:27:13
142,418,vip,active,2025-08-31 09:27:13,2025-09-30 09:27:13,2025-08-31 09:27:13
143,420,vip,active,2025-07-29 09:27:13,2025-09-07 09:27:13,2025-07-29 09:27:13
144,421,vip_plus,active,2025-09-07 09:27:13,2025-10-27 09:27:13,2025-09-07 09:27:13
145,423,vip,active,2025-07-05 09:27:13,2025-09-12 09:27:13,2025-07-05 09:27:13
146,424,vip,active,2025-06-19 09:27:13,2025-08-31 09:27:13,2025-06-19 09:27:13
147,425,vip_plus,active,2025-07-25 09:27:13,2025-08-26 09:27:13,2025-07-25 09:27:13
148,429,vip,active,2025-07-16 09:27:13,2025-10-08 09:27:13,2025-07-16 09:27:13
149,438,vip,active,2025-08-30 09:27:13,2025-10-09 09:27:13,2025-08-30 09:27:13
150,443,vip,active,2025-07-20 09:27:13,2025-10-04 09:27:13,2025-07-20 09:27:13
151,446,vip_plus,active,2025-09-05 09:27:13,2025-11-15 09:27:13,2025-09-05 09:27:13
152,449,vip_plus,active,2025-07-22 09:27:13,2025-09-18 09:27:13,2025-07-22 09:27:13
153,455,vip,active,2025-09-04 09:27:13,2025-11-27 09:27:13,2025-09-04 09:27:13
154,460,vip_plus,active,2025-08-31 09:27:13,2025-11-11 09:27:13,2025-08-31 09:27:13
155,467,vip_plus,active,2025-07-26 09:27:13,2025-10-23 09:27:13,2025-07-26 09:27:13
156,470,vip,active,2025-09-05 09:27:13,2025-10-23 09:27:13,2025-09-05 09:27:13
157,473,vip_plus,active,2025-07-03 09:27:13,2025-09-05 09:27:13,2025-07-03 09:27:13
158,474,vip_plus,active,2025-07-20 09:27:13,2025-09-24 09:27:13,2025-07-20 09:27:13
159,480,vip,active,2025-06-30 09:27:13,2025-08-26 09:27:13,2025-06-30 09:27:13
160,481,vip,active,2025-06-18 09:27:13,2025-07-23 09:27:13,2025-06-18 09:27:13
161,482,vip_plus,active,2025-06-21 09:27:13,2025-09-03 09:27:13,2025-06-21 09:27:13
162,483,vip,active,2025-09-06 09:27:13,2025-11-23 09:27:13,2025-09-06 09:27:13
163,485,vip,active,2025-08-21 09:27:13,2025-10-15 09:27:13,2025-08-21 09:27:13
164,493,vip,active,2025-06-21 09:27:13,2025-08-10 09:27:13,2025-06-21 09:27:13
165,494,vip,active,2025-07-26 09:27:13,2025-08-23 09:27:13,2025-07-26 09:27:13
166,499,vip_plus,active,2025-08-30 09:27:13,2025-11-19 09:27:13,2025-08-30 09:27:13
167,502,vip_plus,active,2025-08-30 09:27:13,2025-10-03 09:27:13,2025-08-30 09:27:13
168,503,vip_plus,active,2025-06-23 09:27:13,2025-08-13 09:27:13,2025-06-23 09:27:13
169,504,vip,active,2025-08-23 09:27:13,2025-10-01 09:27:13,2025-08-23 09:27:13
170,510,vip,active,2025-07-06 09:27:13,2025-09-09 09:27:13,2025-07-06 09:27:13
171,511,vip_plus,active,2025-06-23 09:27:13,2025-08-25 09:27:13,2025-06-23 09:27:13
172,516,vip,active,2025-08-08 09:27:13,2025-11-03 09:27:13,2025-08-08 09:27:13
173,517,vip,active,2025-08-20 09:27:13,2025-10-07 09:27:13,2025-08-20 09:27:13
174,518,vip_plus,active,2025-08-21 09:27:13,2025-09-10 09:27:13,2025-08-21 09:27:13
175,520,vip,active,2025-08-07 09:27:13,2025-10-21 09:27:13,2025-08-07 09:27:13
176,523,vip,active,2025-07-17 09:27:13,2025-09-27 09:27:13,2025-07-17 09:27:13
177,526,vip_plus,active,2025-08-30 09:27:13,2025-10-04 09:27:13,2025-08-30 09:27:13
178,528,vip_plus,active,2025-06-17 09:27:13,2025-07-18 09:27:13,2025-06-17 09:27:13
179,529,vip_plus,active,2025-08-02 09:27:13,2025-09-11 09:27:13,2025-08-02 09:27:13
180,536,vip_plus,active,2025-07-09 09:27:13,2025-10-06 09:27:13,2025-07-09 09:27:13
181,537,vip,active,2025-07-30 09:27:13,2025-08-29 09:27:13,2025-07-30 09:27:13
182,538,vip_plus,active,2025-08-16 09:27:13,2025-10-22 09:27:13,2025-08-16 09:27:13
183,539,vip_plus,active,2025-07-02 09:27:13,2025-08-05 09:27:13,2025-07-02 09:27:13
184,540,vip_plus,active,2025-07-29 09:27:13,2025-08-31 09:27:13,2025-07-29 09:27:13
185,541,vip,active,2025-07-12 09:27:13,2025-09-18 09:27:13,2025-07-12 09:27:13
186,554,vip_plus,active,2025-06-19 09:27:13,2025-09-12 09:27:13,2025-06-19 09:27:13
187,555,vip,active,2025-08-29 09:27:13,2025-11-18 09:27:13,2025-08-29 09:27:13
188,556,vip_plus,active,2025-09-01 09:27:13,2025-11-29 09:27:13,2025-09-01 09:27:13
189,558,vip,active,2025-07-20 09:27:13,2025-09-16 09:27:13,2025-07-20 09:27:13
190,562,vip,active,2025-09-10 09:27:13,2025-10-09 09:27:13,2025-09-10 09:27:13
191,564,vip,active,2025-07-21 09:27:13,2025-09-06 09:27:13,2025-07-21 09:27:13
192,567,vip,active,2025-06-18 09:27:13,2025-07-11 09:27:13,2025-06-18 09:27:13
193,568,vip_plus,active,2025-08-24 09:27:13,2025-11-09 09:27:13,2025-08-24 09:27:13
194,571,vip,active,2025-07-15 09:27:13,2025-09-22 09:27:13,2025-07-15 09:27:13
195,574,vip_plus,active,2025-08-31 09:27:13,2025-10-08 09:27:13,2025-08-31 09:27:13
196,576,vip,active,2025-09-04 09:27:13,2025-09-29 09:27:13,2025-09-04 09:27:13
197,578,vip_plus,active,2025-06-19 09:27:13,2025-08-04 09:27:13,2025-06-19 09:27:13
198,579,vip,active,2025-07-27 09:27:13,2025-10-05 09:27:13,2025-07-27 09:27:13
199,580,vip,active,2025-08-10 09:27:13,2025-10-06 09:27:13,2025-08-10 09:27:13
200,582,vip,active,2025-09-01 09:27:13,2025-11-24 09:27:13,2025-09-01 09:27:13
201,583,vip,active,2025-06-25 09:27:13,2025-09-09 09:27:13,2025-06-25 09:27:13
202,591,vip_plus,active,2025-09-01 09:27:13,2025-09-28 09:27:13,2025-09-01 09:27:13
203,595,vip,active,2025-07-07 09:27:13,2025-07-25 09:27:13,2025-07-07 09:27:13
204,597,vip_plus,active,2025-08-01 09:27:13,2025-08-26 09:27:13,2025-08-01 09:27:13
205,599,vip_plus,active,2025-06-21 09:27:13,2025-08-08 09:27:13,2025-06-21 09:27:13
206,600,vip_plus,active,2025-06-17 09:27:13,2025-07-06 09:27:13,2025-06-17 09:27:13
207,604,vip,active,2025-06-21 09:27:13,2025-09-12 09:27:13,2025-06-21 09:27:13
208,612,vip_plus,active,2025-07-24 09:27:13,2025-08-28 09:27:13,2025-07-24 09:27:13
209,616,vip_plus,active,2025-09-07 09:27:13,2025-11-20 09:27:13,2025-09-07 09:27:13
210,618,vip_plus,active,2025-09-01 09:27:13,2025-10-14 09:27:13,2025-09-01 09:27:13
211,621,vip_plus,active,2025-08-31 09:27:13,2025-11-22 09:27:13,2025-08-31 09:27:13
212,629,vip_plus,active,2025-08-07 09:27:13,2025-10-18 09:27:13,2025-08-07 09:27:13
213,630,vip_plus,active,2025-09-04 09:27:13,2025-10-18 09:27:13,2025-09-04 09:27:13
214,633,vip,active,2025-08-06 09:27:13,2025-09-17 09:27:13,2025-08-06 09:27:13
215,635,vip,active,2025-07-13 09:27:13,2025-09-01 09:27:13,2025-07-13 09:27:13
216,640,vip,active,2025-08-24 09:27:13,2025-11-21 09:27:13,2025-08-24 09:27:13
217,644,vip_plus,active,2025-09-02 09:27:13,2025-09-26 09:27:13,2025-09-02 09:27:13
218,653,vip,active,2025-07-15 09:27:13,2025-10-13 09:27:13,2025-07-15 09:27:13
219,656,vip,active,2025-06-29 09:27:13,2025-09-09 09:27:13,2025-06-29 09:27:13
220,659,vip,active,2025-08-25 09:27:13,2025-11-07 09:27:13,2025-08-25 09:27:13
221,661,vip,active,2025-07-06 09:27:13,2025-10-04 09:27:13,2025-07-06 09:27:13
222,663,vip,active,2025-08-06 09:27:13,2025-09-13 09:27:13,2025-08-06 09:27:13
223,665,vip_plus,active,2025-08-25 09:27:13,2025-10-16 09:27:13,2025-08-25 09:27:13
224,671,vip_plus,active,2025-06-22 09:27:13,2025-07-28 09:27:13,2025-06-22 09:27:13
225,679,vip_plus,active,2025-08-19 09:27:13,2025-09-29 09:27:13,2025-08-19 09:27:13
226,680,vip,active,2025-08-29 09:27:13,2025-11-15 09:27:13,2025-08-29 09:27:13
227,685,vip,active,2025-09-09 09:27:13,2025-10-30 09:27:13,2025-09-09 09:27:13
228,688,vip_plus,active,2025-07-21 09:27:13,2025-09-28 09:27:13,2025-07-21 09:27:13
229,693,vip_plus,active,2025-07-12 09:27:13,2025-10-03 09:27:13,2025-07-12 09:27:13
230,696,vip,active,2025-08-23 09:27:13,2025-10-13 09:27:13,2025-08-23 09:27:13
231,700,vip,active,2025-09-09 09:27:13,2025-11-04 09:27:13,2025-09-09 09:27:13
232,704,vip_plus,active,2025-07-20 09:27:13,2025-10-01 09:27:13,2025-07-20 09:27:13
233,706,vip_plus,active,2025-08-01 09:27:13,2025-10-20 09:27:13,2025-08-01 09:27:13
234,707,vip,active,2025-07-10 09:27:13,2025-09-05 09:27:13,2025-07-10 09:27:13
235,711,vip_plus,active,2025-08-09 09:27:13,2025-10-29 09:27:13,2025-08-09 09:27:13
236,712,vip,active,2025-09-10 09:27:13,2025-09-29 09:27:13,2025-09-10 09:27:13
237,716,vip,active,2025-09-11 09:27:13,2025-11-19 09:27:13,2025-09-11 09:27:13
238,717,vip_plus,active,2025-08-31 09:27:13,2025-10-23 09:27:13,2025-08-31 09:27:13
239,718,vip,active,2025-07-13 09:27:13,2025-09-05 09:27:13,2025-07-13 09:27:13
240,721,vip,active,2025-06-24 09:27:13,2025-07-25 09:27:13,2025-06-24 09:27:13
241,731,vip_plus,active,2025-09-10 09:27:13,2025-11-05 09:27:13,2025-09-10 09:27:13
242,733,vip_plus,active,2025-07-22 09:27:13,2025-08-17 09:27:13,2025-07-22 09:27:13
243,735,vip_plus,active,2025-07-14 09:27:13,2025-08-26 09:27:13,2025-07-14 09:27:13
244,737,vip,active,2025-09-04 09:27:13,2025-09-29 09:27:13,2025-09-04 09:27:13
245,738,vip,active,2025-07-27 09:27:13,2025-09-03 09:27:13,2025-07-27 09:27:13
246,739,vip,active,2025-08-28 09:27:13,2025-09-20 09:27:13,2025-08-28 09:27:13
247,740,vip_plus,active,2025-08-05 09:27:13,2025-09-06 09:27:13,2025-08-05 09:27:13
248,741,vip_plus,active,2025-07-20 09:27:13,2025-09-22 09:27:13,2025-07-20 09:27:13
249,742,vip_plus,active,2025-09-06 09:27:13,2025-11-15 09:27:13,2025-09-06 09:27:13
250,743,vip,active,2025-08-10 09:27:13,2025-11-04 09:27:13,2025-08-10 09:27:13
251,750,vip,active,2025-07-14 09:27:13,2025-09-25 09:27:13,2025-07-14 09:27:13
252,754,vip_plus,active,2025-08-27 09:27:13,2025-11-15 09:27:13,2025-08-27 09:27:13
253,761,vip_plus,active,2025-07-21 09:27:13,2025-09-04 09:27:13,2025-07-21 09:27:13
254,763,vip_plus,active,2025-08-11 09:27:13,2025-09-08 09:27:13,2025-08-11 09:27:13
255,764,vip_plus,active,2025-09-12 09:27:13,2025-11-11 09:27:13,2025-09-12 09:27:13
256,765,vip,active,2025-06-17 09:27:13,2025-08-20 09:27:13,2025-06-17 09:27:13
257,770,vip,active,2025-08-21 09:27:13,2025-11-06 09:27:13,2025-08-21 09:27:13
258,771,vip_plus,active,2025-07-23 09:27:13,2025-08-22 09:27:13,2025-07-23 09:27:13
259,777,vip_plus,active,2025-07-26 09:27:13,2025-08-15 09:27:13,2025-07-26 09:27:13
260,780,vip_plus,active,2025-09-04 09:27:13,2025-11-24 09:27:13,2025-09-04 09:27:13
261,781,vip_plus,active,2025-08-27 09:27:13,2025-11-02 09:27:13,2025-08-27 09:27:13
262,783,vip,active,2025-08-15 09:27:13,2025-11-10 09:27:13,2025-08-15 09:27:13
263,784,vip_plus,active,2025-07-09 09:27:13,2025-09-27 09:27:13,2025-07-09 09:27:13
264,787,vip_plus,active,2025-08-15 09:27:13,2025-10-26 09:27:13,2025-08-15 09:27:13
265,790,vip,active,2025-09-01 09:27:13,2025-11-12 09:27:13,2025-09-01 09:27:13
266,793,vip_plus,active,2025-07-31 09:27:13,2025-09-13 09:27:13,2025-07-31 09:27:13
267,796,vip,active,2025-08-02 09:27:13,2025-09-07 09:27:13,2025-08-02 09:27:13
268,798,vip,active,2025-09-05 09:27:13,2025-11-06 09:27:13,2025-09-05 09:27:13
269,802,vip_plus,active,2025-09-01 09:27:13,2025-11-07 09:27:13,2025-09-01 09:27:13
270,810,vip_plus,active,2025-08-29 09:27:13,2025-10-13 09:27:13,2025-08-29 09:27:13
271,811,vip,active,2025-08-06 09:27:13,2025-11-04 09:27:13,2025-08-06 09:27:13
272,814,vip_plus,active,2025-08-18 09:27:13,2025-10-03 09:27:13,2025-08-18 09:27:13
273,816,vip,active,2025-07-21 09:27:13,2025-10-18 09:27:13,2025-07-21 09:27:13
274,819,vip,active,2025-09-01 09:27:13,2025-10-11 09:27:13,2025-09-01 09:27:13
275,821,vip_plus,active,2025-07-03 09:27:13,2025-09-02 09:27:13,2025-07-03 09:27:13
276,822,vip,active,2025-08-19 09:27:13,2025-10-07 09:27:13,2025-08-19 09:27:13
277,823,vip_plus,active,2025-08-04 09:27:13,2025-10-18 09:27:13,2025-08-04 09:27:13
278,832,vip_plus,active,2025-08-17 09:27:13,2025-10-16 09:27:13,2025-08-17 09:27:13
279,833,vip,active,2025-06-30 09:27:13,2025-07-15 09:27:13,2025-06-30 09:27:13
280,836,vip_plus,active,2025-09-04 09:27:13,2025-10-08 09:27:13,2025-09-04 09:27:13
281,837,vip,active,2025-08-02 09:27:13,2025-08-30 09:27:13,2025-08-02 09:27:13
282,839,vip_plus,active,2025-07-28 09:27:13,2025-08-12 09:27:13,2025-07-28 09:27:13
283,841,vip_plus,active,2025-08-03 09:27:13,2025-08-20 09:27:13,2025-08-03 09:27:13
284,845,vip,active,2025-08-21 09:27:13,2025-10-30 09:27:13,2025-08-21 09:27:13
285,851,vip,active,2025-08-20 09:27:13,2025-10-25 09:27:13,2025-08-20 09:27:13
286,854,vip_plus,active,2025-07-27 09:27:13,2025-10-13 09:27:13,2025-07-27 09:27:13
287,859,vip,active,2025-07-01 09:27:13,2025-08-02 09:27:13,2025-07-01 09:27:13
288,860,vip,active,2025-06-26 09:27:13,2025-09-19 09:27:13,2025-06-26 09:27:13
289,861,vip,active,2025-07-29 09:27:13,2025-10-03 09:27:13,2025-07-29 09:27:13
290,864,vip,active,2025-07-29 09:27:13,2025-09-19 09:27:13,2025-07-29 09:27:13
291,866,vip,active,2025-08-25 09:27:13,2025-10-07 09:27:13,2025-08-25 09:27:13
292,871,vip,active,2025-07-11 09:27:13,2025-09-14 09:27:13,2025-07-11 09:27:13
293,876,vip,active,2025-06-28 09:27:13,2025-08-12 09:27:13,2025-06-28 09:27:13
294,878,vip,active,2025-08-01 09:27:13,2025-10-09 09:27:13,2025-08-01 09:27:13
295,879,vip_plus,active,2025-06-28 09:27:13,2025-09-19 09:27:13,2025-06-28 09:27:13
296,881,vip_plus,active,2025-09-03 09:27:13,2025-11-25 09:27:13,2025-09-03 09:27:13
297,882,vip,active,2025-07-02 09:27:13,2025-09-12 09:27:13,2025-07-02 09:27:13
298,888,vip,active,2025-06-25 09:27:13,2025-08-18 09:27:13,2025-06-25 09:27:13
299,889,vip_plus,active,2025-08-07 09:27:13,2025-10-17 09:27:13,2025-08-07 09:27:13
300,890,vip_plus,active,2025-09-05 09:27:13,2025-10-25 09:27:13,2025-09-05 09:27:13
301,891,vip_plus,active,2025-08-03 09:27:13,2025-10-16 09:27:13,2025-08-03 09:27:13
302,892,vip_plus,active,2025-07-26 09:27:13,2025-09-17 09:27:13,2025-07-26 09:27:13
303,899,vip,active,2025-07-09 09:27:13,2025-09-30 09:27:13,2025-07-09 09:27:13
304,906,vip_plus,active,2025-06-18 09:27:13,2025-07-31 09:27:13,2025-06-18 09:27:13
305,910,vip,active,2025-08-17 09:27:13,2025-11-08 09:27:13,2025-08-17 09:27:13
306,912,vip_plus,active,2025-07-26 09:27:13,2025-08-26 09:27:13,2025-07-26 09:27:13
307,915,vip,active,2025-09-03 09:27:13,2025-11-11 09:27:13,2025-09-03 09:27:13
308,922,vip_plus,active,2025-07-10 09:27:13,2025-09-25 09:27:13,2025-07-10 09:27:13
309,924,vip_plus,active,2025-08-24 09:27:13,2025-10-18 09:27:13,2025-08-24 09:27:13
310,925,vip,active,2025-08-05 09:27:13,2025-10-08 09:27:13,2025-08-05 09:27:13
311,928,vip_plus,active,2025-09-09 09:27:13,2025-11-15 09:27:13,2025-09-09 09:27:13
312,929,vip_plus,active,2025-09-11 09:27:13,2025-10-19 09:27:13,2025-09-11 09:27:13
313,930,vip_plus,active,2025-08-25 09:27:13,2025-10-15 09:27:13,2025-08-25 09:27:13
314,931,vip_plus,active,2025-08-24 09:27:13,2025-09-22 09:27:13,2025-08-24 09:27:13
315,932,vip,active,2025-08-17 09:27:13,2025-11-03 09:27:13,2025-08-17 09:27:13
316,933,vip_plus,active,2025-08-31 09:27:13,2025-10-14 09:27:13,2025-08-31 09:27:13
317,935,vip,active,2025-08-30 09:27:13,2025-11-06 09:27:13,2025-08-30 09:27:13
318,936,vip,active,2025-08-14 09:27:13,2025-10-30 09:27:13,2025-08-14 09:27:13
319,939,vip,active,2025-07-11 09:27:13,2025-08-03 09:27:13,2025-07-11 09:27:13
320,940,vip_plus,active,2025-08-22 09:27:13,2025-11-03 09:27:13,2025-08-22 09:27:13
321,941,vip,active,2025-07-10 09:27:13,2025-10-04 09:27:13,2025-07-10 09:27:13
322,944,vip_plus,active,2025-08-20 09:27:13,2025-10-18 09:27:13,2025-08-20 09:27:13
323,948,vip,active,2025-07-31 09:27:13,2025-10-27 09:27:13,2025-07-31 09:27:13
324,951,vip_plus,active,2025-09-04 09:27:13,2025-10-03 09:27:13,2025-09-04 09:27:13
325,952,vip,active,2025-07-19 09:27:13,2025-09-21 09:27:13,2025-07-19 09:27:13
326,954,vip,active,2025-07-29 09:27:13,2025-09-05 09:27:13,2025-07-29 09:27:13
327,957,vip,active,2025-07-22 09:27:13,2025-10-18 09:27:13,2025-07-22 09:27:13
328,963,vip_plus,active,2025-07-16 09:27:13,2025-09-08 09:27:13,2025-07-16 09:27:13
329,967,vip_plus,active,2025-08-04 09:27:13,2025-08-29 09:27:13,2025-08-04 09:27:13
330,970,vip,active,2025-07-30 09:27:13,2025-10-13 09:27:13,2025-07-30 09:27:13
331,972,vip,active,2025-07-05 09:27:13,2025-09-07 09:27:13,2025-07-05 09:27:13
332,973,vip_plus,active,2025-08-15 09:27:13,2025-11-13 09:27:13,2025-08-15 09:27:13
333,975,vip,active,2025-08-04 09:27:13,2025-10-13 09:27:13,2025-08-04 09:27:13
334,979,vip_plus,active,2025-08-18 09:27:13,2025-09-13 09:27:13,2025-08-18 09:27:13
335,984,vip_plus,active,2025-08-11 09:27:13,2025-09-16 09:27:13,2025-08-11 09:27:13
336,986,vip,active,2025-08-11 09:27:13,2025-09-27 09:27:13,2025-08-11 09:27:13
337,989,vip_plus,active,2025-08-05 09:27:13,2025-09-26 09:27:13,2025-08-05 09:27:13
338,992,vip_plus,active,2025-09-03 09:27:13,2025-11-29 09:27:13,2025-09-03 09:27:13
339,995,vip,active,2025-06-21 09:27:13,2025-07-21 09:27:13,2025-06-21 09:27:13
340,996,vip,active,2025-08-20 09:27:13,2025-10-11 09:27:13,2025-08-20 09:27:13
341,998,vip,active,2025-08-21 09:27:13,2025-10-04 09:27:13,2025-08-21 09:27:13
342,999,vip,active,2025-08-24 09:27:13,2025-09-27 09:27:13,2025-08-24 09:27:13
343,1000,vip,active,2025-07-02 09:27:13,2025-07-23 09:27:13,2025-07-02 09:27:13
344,1005,vip,active,2025-09-03 09:27:13,2025-11-13 09:27:13,2025-09-03 09:27:13
345,1006,vip_plus,active,2025-06-29 09:27:13,2025-09-04 09:27:13,2025-06-29 09:27:13
346,1008,vip_plus,active,2025-06-23 09:27:13,2025-09-09 09:27:13,2025-06-23 09:27:13
347,1009,vip_plus,active,2025-06-24 09:27:13,2025-08-11 09:27:13,2025-06-24 09:27:13
348,1011,vip,active,2025-06-16 09:27:13,2025-09-05 09:27:13,2025-06-16 09:27:13
349,1023,vip,active,2025-08-29 09:27:13,2025-10-25 09:27:13,2025-08-29 09:27:13
350,1028,vip,active,2025-09-03 09:27:13,2025-09-30 09:27:13,2025-09-03 09:27:13
351,1032,vip,active,2025-08-21 09:27:13,2025-09-25 09:27:13,2025-08-21 09:27:13
352,1034,vip_plus,active,2025-07-14 09:27:13,2025-09-10 09:27:13,2025-07-14 09:27:13
353,1035,vip,active,2025-08-05 09:27:13,2025-10-20 09:27:13,2025-08-05 09:27:13
354,1038,vip_plus,active,2025-07-15 09:27:13,2025-10-07 09:27:13,2025-07-15 09:27:13
355,1042,vip,active,2025-08-10 09:27:13,2025-09-02 09:27:13,2025-08-10 09:27:13
356,1043,vip_plus,active,2025-07-29 09:27:13,2025-09-19 09:27:13,2025-07-29 09:27:13
357,1050,vip,active,2025-09-04 09:27:13,2025-09-20 09:27:13,2025-09-04 09:27:13
358,1051,vip_plus,active,2025-09-11 09:27:13,2025-10-02 09:27:13,2025-09-11 09:27:13
359,1055,vip,active,2025-08-19 09:27:13,2025-10-27 09:27:13,2025-08-19 09:27:13
360,1057,vip,active,2025-07-21 09:27:13,2025-09-05 09:27:13,2025-07-21 09:27:13
361,1061,vip,active,2025-09-07 09:27:13,2025-10-31 09:27:13,2025-09-07 09:27:13
362,1063,vip,active,2025-08-26 09:27:13,2025-10-25 09:27:13,2025-08-26 09:27:13
363,1066,vip_plus,active,2025-08-21 09:27:13,2025-10-04 09:27:13,2025-08-21 09:27:13
364,1067,vip_plus,active,2025-06-21 09:27:13,2025-08-10 09:27:13,2025-06-21 09:27:13
365,1068,vip_plus,active,2025-08-22 09:27:13,2025-10-15 09:27:13,2025-08-22 09:27:13
366,1069,vip,active,2025-08-17 09:27:13,2025-11-07 09:27:13,2025-08-17 09:27:13
367,1070,vip_plus,active,2025-06-16 09:27:13,2025-09-11 09:27:13,2025-06-16 09:27:13
368,1071,vip_plus,active,2025-06-22 09:27:13,2025-09-19 09:27:13,2025-06-22 09:27:13
369,1074,vip,active,2025-07-26 09:27:13,2025-09-14 09:27:13,2025-07-26 09:27:13
370,1075,vip,active,2025-08-03 09:27:13,2025-08-30 09:27:13,2025-08-03 09:27:13
371,1082,vip_plus,active,2025-06-30 09:27:13,2025-07-19 09:27:13,2025-06-30 09:27:13
372,1085,vip,active,2025-07-05 09:27:13,2025-08-13 09:27:13,2025-07-05 09:27:13
373,1086,vip,active,2025-06-28 09:27:13,2025-07-22 09:27:13,2025-06-28 09:27:13
374,1094,vip_plus,active,2025-08-07 09:27:13,2025-10-09 09:27:13,2025-08-07 09:27:13
375,1095,vip_plus,active,2025-06-20 09:27:13,2025-08-15 09:27:13,2025-06-20 09:27:13
376,1096,vip,active,2025-07-14 09:27:13,2025-08-20 09:27:13,2025-07-14 09:27:13
377,1098,vip,active,2025-07-23 09:27:13,2025-10-08 09:27:13,2025-07-23 09:27:13
378,1100,vip,active,2025-08-15 09:27:13,2025-10-01 09:27:13,2025-08-15 09:27:13
379,1101,vip,active,2025-07-13 09:27:13,2025-09-24 09:27:13,2025-07-13 09:27:13
380,1109,vip_plus,active,2025-06-24 09:27:13,2025-07-18 09:27:13,2025-06-24 09:27:13
381,1112,vip,active,2025-06-23 09:27:13,2025-08-31 09:27:13,2025-06-23 09:27:13
382,1114,vip_plus,active,2025-09-07 09:27:13,2025-11-05 09:27:13,2025-09-07 09:27:13
383,1115,vip_plus,active,2025-08-01 09:27:13,2025-08-20 09:27:13,2025-08-01 09:27:13
384,1119,vip_plus,active,2025-08-30 09:27:13,2025-11-24 09:27:13,2025-08-30 09:27:13
385,1121,vip,active,2025-08-05 09:27:13,2025-10-06 09:27:13,2025-08-05 09:27:13
386,1122,vip_plus,active,2025-08-19 09:27:13,2025-09-22 09:27:13,2025-08-19 09:27:13
387,1127,vip,active,2025-07-30 09:27:13,2025-09-16 09:27:13,2025-07-30 09:27:13
388,1130,vip,active,2025-09-05 09:27:13,2025-10-05 09:27:13,2025-09-05 09:27:13
389,1131,vip_plus,active,2025-06-25 09:27:13,2025-09-15 09:27:13,2025-06-25 09:27:13
390,1135,vip_plus,active,2025-06-29 09:27:13,2025-09-23 09:27:13,2025-06-29 09:27:13
391,1141,vip,active,2025-07-15 09:27:13,2025-08-28 09:27:13,2025-07-15 09:27:13
392,1143,vip_plus,active,2025-08-05 09:27:13,2025-08-23 09:27:13,2025-08-05 09:27:13
393,1144,vip_plus,active,2025-07-20 09:27:13,2025-08-25 09:27:13,2025-07-20 09:27:13
394,1145,vip,active,2025-08-24 09:27:13,2025-11-22 09:27:13,2025-08-24 09:27:13
395,1147,vip_plus,active,2025-08-04 09:27:13,2025-08-31 09:27:13,2025-08-04 09:27:13
396,1151,vip,active,2025-09-08 09:27:13,2025-10-28 09:27:13,2025-09-08 09:27:13
397,1152,vip_plus,active,2025-06-17 09:27:13,2025-08-20 09:27:13,2025-06-17 09:27:13
398,1153,vip_plus,active,2025-07-11 09:27:13,2025-08-18 09:27:13,2025-07-11 09:27:13
399,1154,vip_plus,active,2025-07-27 09:27:13,2025-10-22 09:27:13,2025-07-27 09:27:13
400,1156,vip,active,2025-08-05 09:27:13,2025-08-26 09:27:13,2025-08-05 09:27:13
401,1165,vip,active,2025-07-18 09:27:13,2025-09-24 09:27:13,2025-07-18 09:27:13
402,1166,vip_plus,active,2025-08-25 09:27:13,2025-10-07 09:27:13,2025-08-25 09:27:13
403,1168,vip,active,2025-08-03 09:27:13,2025-08-26 09:27:13,2025-08-03 09:27:13
404,1171,vip_plus,active,2025-06-17 09:27:13,2025-09-13 09:27:13,2025-06-17 09:27:13
405,1172,vip,active,2025-07-10 09:27:13,2025-09-03 09:27:13,2025-07-10 09:27:13
406,1173,vip,active,2025-09-09 09:27:13,2025-11-20 09:27:13,2025-09-09 09:27:13
407,1176,vip_plus,active,2025-08-16 09:27:13,2025-11-08 09:27:13,2025-08-16 09:27:13
408,1179,vip_plus,active,2025-08-26 09:27:13,2025-11-05 09:27:13,2025-08-26 09:27:13
409,1184,vip_plus,active,2025-09-09 09:27:13,2025-10-08 09:27:13,2025-09-09 09:27:13
410,1186,vip,active,2025-09-14 09:27:13,2025-11-14 09:27:13,2025-09-14 09:27:13
411,1189,vip_plus,active,2025-07-03 09:27:13,2025-08-17 09:27:13,2025-07-03 09:27:13
412,1192,vip,active,2025-07-04 09:27:13,2025-08-24 09:27:13,2025-07-04 09:27:13
413,1193,vip_plus,active,2025-06-25 09:27:13,2025-09-10 09:27:13,2025-06-25 09:27:13
414,1196,vip,active,2025-07-28 09:27:13,2025-08-18 09:27:13,2025-07-28 09:27:13
415,1201,vip,active,2025-06-21 09:27:13,2025-09-16 09:27:13,2025-06-21 09:27:13
416,1206,vip,active,2025-07-06 09:27:13,2025-07-24 09:27:13,2025-07-06 09:27:13
417,1208,vip_plus,active,2025-07-02 09:27:13,2025-09-19 09:27:13,2025-07-02 09:27:13
418,1209,vip_plus,active,2025-07-09 09:27:13,2025-09-02 09:27:13,2025-07-09 09:27:13
419,1210,vip_plus,active,2025-06-19 09:27:13,2025-07-08 09:27:13,2025-06-19 09:27:13
420,1211,vip,active,2025-08-15 09:27:13,2025-09-10 09:27:13,2025-08-15 09:27:13
421,1212,vip_plus,active,2025-08-27 09:27:13,2025-11-02 09:27:13,2025-08-27 09:27:13
422,1213,vip_plus,active,2025-08-17 09:27:13,2025-09-30 09:27:13,2025-08-17 09:27:13
423,1214,vip,active,2025-08-05 09:27:13,2025-08-24 09:27:13,2025-08-05 09:27:13
424,1215,vip_plus,active,2025-07-21 09:27:13,2025-08-15 09:27:13,2025-07-21 09:27:13
425,1217,vip,active,2025-08-12 09:27:13,2025-10-19 09:27:13,2025-08-12 09:27:13
426,1218,vip_plus,active,2025-08-26 09:27:13,2025-10-16 09:27:13,2025-08-26 09:27:13
427,1221,vip_plus,active,2025-08-01 09:27:13,2025-09-30 09:27:13,2025-08-01 09:27:13
428,1224,vip_plus,active,2025-07-24 09:27:13,2025-08-12 09:27:13,2025-07-24 09:27:13
429,1231,vip,active,2025-08-27 09:27:13,2025-10-08 09:27:13,2025-08-27 09:27:13
430,1233,vip,active,2025-06-23 09:27:13,2025-07-26 09:27:13,2025-06-23 09:27:13
431,1235,vip,active,2025-09-08 09:27:13,2025-09-25 09:27:13,2025-09-08 09:27:13
432,1237,vip,active,2025-08-31 09:27:13,2025-09-29 09:27:13,2025-08-31 09:27:13
433,1242,vip_plus,active,2025-07-29 09:27:13,2025-09-14 09:27:13,2025-07-29 09:27:13
434,1244,vip_plus,active,2025-09-09 09:27:13,2025-12-05 09:27:13,2025-09-09 09:27:13
435,1247,vip_plus,active,2025-07-05 09:27:13,2025-09-19 09:27:13,2025-07-05 09:27:13
436,1248,vip,active,2025-07-16 09:27:13,2025-10-06 09:27:13,2025-07-16 09:27:13
437,1249,vip_plus,active,2025-07-11 09:27:13,2025-09-21 09:27:13,2025-07-11 09:27:13
438,1252,vip,active,2025-06-27 09:27:13,2025-09-15 09:27:13,2025-06-27 09:27:13
439,1256,vip,active,2025-09-08 09:27:13,2025-12-05 09:27:13,2025-09-08 09:27:13
440,1257,vip,active,2025-08-30 09:27:13,2025-09-16 09:27:13,2025-08-30 09:27:13
441,1259,vip,active,2025-09-12 09:27:13,2025-10-04 09:27:13,2025-09-12 09:27:13
442,1261,vip,active,2025-09-01 09:27:13,2025-11-24 09:27:13,2025-09-01 09:27:13
443,1262,vip,active,2025-06-27 09:27:13,2025-09-08 09:27:13,2025-06-27 09:27:13
444,1266,vip,active,2025-06-20 09:27:13,2025-08-09 09:27:13,2025-06-20 09:27:13
445,1267,vip,active,2025-07-31 09:27:13,2025-10-09 09:27:13,2025-07-31 09:27:13
446,1269,vip,active,2025-09-13 09:27:13,2025-11-26 09:27:13,2025-09-13 09:27:13
447,1272,vip_plus,active,2025-07-03 09:27:13,2025-08-19 09:27:13,2025-07-03 09:27:13
448,1277,vip_plus,active,2025-09-02 09:27:13,2025-11-26 09:27:13,2025-09-02 09:27:13
449,1281,vip_plus,active,2025-09-10 09:27:13,2025-10-20 09:27:13,2025-09-10 09:27:13
450,1283,vip_plus,active,2025-08-14 09:27:13,2025-09-30 09:27:13,2025-08-14 09:27:13
451,1284,vip,active,2025-08-27 09:27:13,2025-09-24 09:27:13,2025-08-27 09:27:13
452,1285,vip_plus,active,2025-08-26 09:27:13,2025-10-14 09:27:13,2025-08-26 09:27:13
453,1287,vip_plus,active,2025-08-04 09:27:13,2025-09-02 09:27:13,2025-08-04 09:27:13
454,1292,vip,active,2025-07-02 09:27:13,2025-08-09 09:27:13,2025-07-02 09:27:13
455,1302,vip_plus,active,2025-06-20 09:27:13,2025-07-28 09:27:13,2025-06-20 09:27:13
456,1303,vip_plus,active,2025-06-29 09:27:13,2025-09-27 09:27:13,2025-06-29 09:27:13
457,1305,vip_plus,active,2025-08-04 09:27:13,2025-10-27 09:27:13,2025-08-04 09:27:13
458,1307,vip,active,2025-08-02 09:27:13,2025-09-09 09:27:13,2025-08-02 09:27:13
459,1309,vip,active,2025-07-18 09:27:13,2025-08-24 09:27:13,2025-07-18 09:27:13
460,1311,vip,active,2025-06-18 09:27:13,2025-07-24 09:27:13,2025-06-18 09:27:13
461,1312,vip_plus,active,2025-08-16 09:27:13,2025-09-24 09:27:13,2025-08-16 09:27:13
462,1318,vip,active,2025-07-07 09:27:13,2025-09-20 09:27:13,2025-07-07 09:27:13
463,1323,vip_plus,active,2025-07-03 09:27:13,2025-08-20 09:27:13,2025-07-03 09:27:13
464,1327,vip,active,2025-09-05 09:27:13,2025-11-23 09:27:13,2025-09-05 09:27:13
465,1329,vip,active,2025-09-08 09:27:13,2025-11-06 09:27:13,2025-09-08 09:27:13
466,1330,vip,active,2025-08-24 09:27:13,2025-10-20 09:27:13,2025-08-24 09:27:13
467,1332,vip_plus,active,2025-09-13 09:27:13,2025-12-09 09:27:13,2025-09-13 09:27:13
468,1338,vip,active,2025-09-02 09:27:13,2025-10-05 09:27:13,2025-09-02 09:27:13
469,1339,vip,active,2025-08-13 09:27:13,2025-09-05 09:27:13,2025-08-13 09:27:13
470,1340,vip_plus,active,2025-06-22 09:27:13,2025-08-02 09:27:13,2025-06-22 09:27:13
471,1346,vip_plus,active,2025-08-29 09:27:13,2025-09-13 09:27:13,2025-08-29 09:27:13
472,1347,vip,active,2025-07-17 09:27:13,2025-08-13 09:27:13,2025-07-17 09:27:13
473,1348,vip,active,2025-08-29 09:27:13,2025-10-04 09:27:13,2025-08-29 09:27:13
474,1351,vip_plus,active,2025-07-26 09:27:13,2025-08-31 09:27:13,2025-07-26 09:27:13
475,1353,vip,active,2025-08-21 09:27:13,2025-09-05 09:27:13,2025-08-21 09:27:13
476,1354,vip_plus,active,2025-09-11 09:27:13,2025-09-26 09:27:13,2025-09-11 09:27:13
477,1355,vip,active,2025-08-14 09:27:13,2025-11-02 09:27:13,2025-08-14 09:27:13
478,1357,vip_plus,active,2025-09-12 09:27:13,2025-11-11 09:27:13,2025-09-12 09:27:13
479,1361,vip_plus,active,2025-09-04 09:27:13,2025-10-31 09:27:13,2025-09-04 09:27:13
480,1362,vip_plus,active,2025-07-16 09:27:13,2025-08-11 09:27:13,2025-07-16 09:27:13
481,1364,vip,active,2025-07-11 09:27:13,2025-08-22 09:27:13,2025-07-11 09:27:13
482,1365,vip,active,2025-08-13 09:27:13,2025-08-28 09:27:13,2025-08-13 09:27:13
483,1367,vip_plus,active,2025-07-09 09:27:13,2025-09-08 09:27:13,2025-07-09 09:27:13
484,1368,vip_plus,active,2025-07-28 09:27:13,2025-10-12 09:27:13,2025-07-28 09:27:13
485,1369,vip_plus,active,2025-08-22 09:27:13,2025-10-29 09:27:13,2025-08-22 09:27:13
486,1372,vip_plus,active,2025-08-09 09:27:13,2025-10-08 09:27:13,2025-08-09 09:27:13
487,1375,vip_plus,active,2025-07-09 09:27:13,2025-09-30 09:27:13,2025-07-09 09:27:13
488,1384,vip_plus,active,2025-08-19 09:27:13,2025-10-16 09:27:13,2025-08-19 09:27:13
489,1386,vip_plus,active,2025-08-24 09:27:13,2025-09-29 09:27:13,2025-08-24 09:27:13
490,1387,vip_plus,active,2025-07-27 09:27:13,2025-10-02 09:27:13,2025-07-27 09:27:13
491,1390,vip,active,2025-08-06 09:27:13,2025-10-30 09:27:13,2025-08-06 09:27:13
492,1394,vip,active,2025-08-04 09:27:13,2025-09-25 09:27:13,2025-08-04 09:27:13
493,1396,vip,active,2025-07-12 09:27:13,2025-10-05 09:27:13,2025-07-12 09:27:13
494,1399,vip_plus,active,2025-09-03 09:27:13,2025-10-04 09:27:13,2025-09-03 09:27:13
495,1400,vip_plus,active,2025-08-22 09:27:13,2025-10-16 09:27:13,2025-08-22 09:27:13
496,1401,vip,active,2025-08-17 09:27:13,2025-11-12 09:27:13,2025-08-17 09:27:13
497,1402,vip_plus,active,2025-08-31 09:27:13,2025-11-06 09:27:13,2025-08-31 09:27:13
498,1403,vip,active,2025-07-17 09:27:13,2025-08-07 09:27:13,2025-07-17 09:27:13
499,1405,vip,active,2025-08-14 09:27:13,2025-09-13 09:27:13,2025-08-14 09:27:13
500,1410,vip,active,2025-07-15 09:27:13,2025-08-29 09:27:13,2025-07-15 09:27:13
501,1412,vip_plus,active,2025-09-08 09:27:13,2025-11-18 09:27:13,2025-09-08 09:27:13
502,1413,vip,active,2025-09-14 09:27:13,2025-11-09 09:27:13,2025-09-14 09:27:13
503,1417,vip_plus,active,2025-08-23 09:27:13,2025-11-11 09:27:13,2025-08-23 09:27:13
504,1418,vip_plus,active,2025-07-31 09:27:13,2025-10-09 09:27:13,2025-07-31 09:27:13
505,1422,vip_plus,active,2025-08-04 09:27:13,2025-10-13 09:27:13,2025-08-04 09:27:13
506,1424,vip,active,2025-08-17 09:27:13,2025-11-11 09:27:13,2025-08-17 09:27:13
507,1430,vip,active,2025-08-06 09:27:13,2025-10-19 09:27:13,2025-08-06 09:27:13
508,1432,vip_plus,active,2025-08-27 09:27:13,2025-09-23 09:27:13,2025-08-27 09:27:13
509,1433,vip,active,2025-07-19 09:27:13,2025-10-05 09:27:13,2025-07-19 09:27:13
510,1434,vip_plus,active,2025-07-12 09:27:13,2025-08-22 09:27:13,2025-07-12 09:27:13
511,1435,vip_plus,active,2025-08-08 09:27:13,2025-08-31 09:27:13,2025-08-08 09:27:13
512,1436,vip,active,2025-09-10 09:27:13,2025-10-17 09:27:13,2025-09-10 09:27:13
513,1442,vip_plus,active,2025-06-25 09:27:13,2025-08-10 09:27:13,2025-06-25 09:27:13
514,1443,vip,active,2025-09-11 09:27:13,2025-10-05 09:27:13,2025-09-11 09:27:13
515,1446,vip_plus,active,2025-07-20 09:27:13,2025-10-06 09:27:13,2025-07-20 09:27:13
516,1451,vip_plus,active,2025-08-19 09:27:13,2025-09-08 09:27:13,2025-08-19 09:27:13
517,1457,vip,active,2025-07-11 09:27:13,2025-09-13 09:27:13,2025-07-11 09:27:13
518,1458,vip,active,2025-09-06 09:27:13,2025-10-02 09:27:13,2025-09-06 09:27:13
519,1459,vip,active,2025-07-23 09:27:13,2025-10-06 09:27:13,2025-07-23 09:27:13
520,1461,vip_plus,active,2025-07-02 09:27:13,2025-08-03 09:27:13,2025-07-02 09:27:13
521,1464,vip,active,2025-07-21 09:27:13,2025-09-12 09:27:13,2025-07-21 09:27:13
522,1465,vip,active,2025-08-20 09:27:13,2025-09-28 09:27:13,2025-08-20 09:27:13
523,1466,vip_plus,active,2025-08-12 09:27:13,2025-09-09 09:27:13,2025-08-12 09:27:13
524,1470,vip,active,2025-08-18 09:27:13,2025-10-29 09:27:13,2025-08-18 09:27:13
525,1472,vip_plus,active,2025-09-03 09:27:13,2025-11-24 09:27:13,2025-09-03 09:27:13
526,1473,vip_plus,active,2025-08-25 09:27:13,2025-10-05 09:27:13,2025-08-25 09:27:13
527,1477,vip,active,2025-08-04 09:27:13,2025-09-18 09:27:13,2025-08-04 09:27:13
528,1478,vip_plus,active,2025-06-23 09:27:13,2025-08-29 09:27:13,2025-06-23 09:27:13
529,1480,vip_plus,active,2025-07-05 09:27:13,2025-10-02 09:27:13,2025-07-05 09:27:13
530,1482,vip_plus,active,2025-08-06 09:27:13,2025-09-14 09:27:13,2025-08-06 09:27:13
531,1483,vip_plus,active,2025-07-13 09:27:13,2025-10-10 09:27:13,2025-07-13 09:27:13
532,1487,vip,active,2025-08-02 09:27:13,2025-09-13 09:27:13,2025-08-02 09:27:13
533,1495,vip_plus,active,2025-08-20 09:27:13,2025-10-16 09:27:13,2025-08-20 09:27:13
534,1496,vip_plus,active,2025-07-27 09:27:13,2025-10-20 09:27:13,2025-07-27 09:27:13
535,1497,vip_plus,active,2025-08-03 09:27:13,2025-10-14 09:27:13,2025-08-03 09:27:13
536,1498,vip_plus,active,2025-07-15 09:27:13,2025-08-30 09:27:13,2025-07-15 09:27:13
537,1500,vip_plus,active,2025-08-13 09:27:13,2025-09-10 09:27:13,2025-08-13 09:27:13
538,1501,vip_plus,active,2025-06-23 09:27:13,2025-09-17 09:27:13,2025-06-23 09:27:13
539,1506,vip,active,2025-08-30 09:27:13,2025-10-23 09:27:13,2025-08-30 09:27:13
540,1508,vip_plus,active,2025-08-27 09:27:13,2025-11-08 09:27:13,2025-08-27 09:27:13
541,1513,vip_plus,active,2025-07-19 09:27:13,2025-08-28 09:27:13,2025-07-19 09:27:13
542,1516,vip_plus,active,2025-07-24 09:27:13,2025-08-10 09:27:13,2025-07-24 09:27:13
543,1519,vip,active,2025-07-07 09:27:13,2025-07-26 09:27:13,2025-07-07 09:27:13
544,1521,vip,active,2025-07-12 09:27:13,2025-10-02 09:27:13,2025-07-12 09:27:13
545,1522,vip,active,2025-07-07 09:27:13,2025-08-21 09:27:13,2025-07-07 09:27:13
546,1525,vip,active,2025-07-01 09:27:13,2025-07-29 09:27:13,2025-07-01 09:27:13
547,1532,vip,active,2025-08-15 09:27:13,2025-10-07 09:27:13,2025-08-15 09:27:13
548,1537,vip,active,2025-08-10 09:27:13,2025-09-19 09:27:13,2025-08-10 09:27:13
549,1540,vip_plus,active,2025-09-09 09:27:13,2025-11-07 09:27:13,2025-09-09 09:27:13
550,1541,vip,active,2025-07-22 09:27:13,2025-10-10 09:27:13,2025-07-22 09:27:13
551,1542,vip_plus,active,2025-09-13 09:27:13,2025-12-01 09:27:13,2025-09-13 09:27:13
552,1543,vip_plus,active,2025-07-31 09:27:13,2025-10-22 09:27:13,2025-07-31 09:27:13
553,1545,vip_plus,active,2025-08-23 09:27:13,2025-11-11 09:27:13,2025-08-23 09:27:13
554,1546,vip,active,2025-08-26 09:27:13,2025-09-20 09:27:13,2025-08-26 09:27:13
555,1549,vip_plus,active,2025-09-11 09:27:13,2025-09-29 09:27:13,2025-09-11 09:27:13
556,1550,vip,active,2025-09-14 09:27:13,2025-12-13 09:27:13,2025-09-14 09:27:13
557,1552,vip_plus,active,2025-06-29 09:27:13,2025-07-25 09:27:13,2025-06-29 09:27:13
558,1554,vip_plus,active,2025-08-31 09:27:13,2025-11-10 09:27:13,2025-08-31 09:27:13
559,1565,vip,active,2025-09-05 09:27:13,2025-10-26 09:27:13,2025-09-05 09:27:13
560,1573,vip,active,2025-07-25 09:27:13,2025-08-29 09:27:13,2025-07-25 09:27:13
561,1574,vip,active,2025-07-18 09:27:13,2025-08-24 09:27:13,2025-07-18 09:27:13
562,1579,vip_plus,active,2025-09-05 09:27:13,2025-10-03 09:27:13,2025-09-05 09:27:13
563,1583,vip,active,2025-08-02 09:27:13,2025-09-30 09:27:13,2025-08-02 09:27:13
564,1585,vip_plus,active,2025-09-11 09:27:13,2025-11-14 09:27:13,2025-09-11 09:27:13
565,1586,vip_plus,active,2025-08-30 09:27:13,2025-11-07 09:27:13,2025-08-30 09:27:13
566,1592,vip_plus,active,2025-08-10 09:27:13,2025-09-17 09:27:13,2025-08-10 09:27:13
567,1596,vip_plus,active,2025-06-22 09:27:13,2025-08-16 09:27:13,2025-06-22 09:27:13
568,1598,vip_plus,active,2025-07-07 09:27:13,2025-08-22 09:27:13,2025-07-07 09:27:13
569,1601,vip_plus,active,2025-08-12 09:27:13,2025-09-27 09:27:13,2025-08-12 09:27:13
570,1602,vip,active,2025-09-10 09:27:13,2025-10-05 09:27:13,2025-09-10 09:27:13
571,1605,vip_plus,active,2025-06-29 09:27:13,2025-08-27 09:27:13,2025-06-29 09:27:13
572,1610,vip,active,2025-08-21 09:27:13,2025-10-23 09:27:13,2025-08-21 09:27:13
573,1611,vip,active,2025-07-10 09:27:13,2025-08-05 09:27:13,2025-07-10 09:27:13
574,1612,vip_plus,active,2025-07-12 09:27:13,2025-09-19 09:27:13,2025-07-12 09:27:13
575,1614,vip,active,2025-07-29 09:27:13,2025-09-18 09:27:13,2025-07-29 09:27:13
576,1616,vip_plus,active,2025-09-14 09:27:13,2025-09-30 09:27:13,2025-09-14 09:27:13
577,1620,vip,active,2025-09-06 09:27:13,2025-11-27 09:27:13,2025-09-06 09:27:13
578,1621,vip,active,2025-08-30 09:27:13,2025-09-21 09:27:13,2025-08-30 09:27:13
579,1623,vip,active,2025-08-25 09:27:13,2025-11-07 09:27:13,2025-08-25 09:27:13
580,1629,vip_plus,active,2025-06-28 09:27:13,2025-07-17 09:27:13,2025-06-28 09:27:13
581,1633,vip_plus,active,2025-07-26 09:27:13,2025-09-20 09:27:13,2025-07-26 09:27:13
582,1639,vip,active,2025-09-04 09:27:13,2025-10-15 09:27:13,2025-09-04 09:27:13
583,1640,vip_plus,active,2025-06-29 09:27:13,2025-08-12 09:27:13,2025-06-29 09:27:13
584,1643,vip_plus,active,2025-06-22 09:27:13,2025-09-08 09:27:13,2025-06-22 09:27:13
585,1645,vip,active,2025-07-07 09:27:13,2025-09-06 09:27:13,2025-07-07 09:27:13
586,1647,vip,active,2025-08-26 09:27:13,2025-09-21 09:27:13,2025-08-26 09:27:13
587,1649,vip,active,2025-08-22 09:27:13,2025-10-15 09:27:13,2025-08-22 09:27:13
588,1662,vip,active,2025-08-19 09:27:13,2025-11-08 09:27:13,2025-08-19 09:27:13
589,1663,vip_plus,active,2025-07-05 09:27:13,2025-08-20 09:27:13,2025-07-05 09:27:13
590,1674,vip_plus,active,2025-06-25 09:27:13,2025-08-06 09:27:13,2025-06-25 09:27:13
591,1682,vip,active,2025-08-12 09:27:13,2025-09-30 09:27:13,2025-08-12 09:27:13
592,1683,vip_plus,active,2025-09-12 09:27:13,2025-12-05 09:27:13,2025-09-12 09:27:13
593,1686,vip_plus,active,2025-07-06 09:27:13,2025-09-08 09:27:13,2025-07-06 09:27:13
594,1687,vip_plus,active,2025-06-24 09:27:13,2025-07-19 09:27:13,2025-06-24 09:27:13
595,1690,vip,active,2025-08-26 09:27:13,2025-09-11 09:27:13,2025-08-26 09:27:13
596,1691,vip_plus,active,2025-08-03 09:27:13,2025-10-04 09:27:13,2025-08-03 09:27:13
597,1696,vip_plus,active,2025-09-05 09:27:13,2025-10-30 09:27:13,2025-09-05 09:27:13
598,1698,vip,active,2025-07-29 09:27:13,2025-10-07 09:27:13,2025-07-29 09:27:13
599,1700,vip,active,2025-09-05 09:27:13,2025-10-07 09:27:13,2025-09-05 09:27:13
600,1703,vip_plus,active,2025-09-08 09:27:13,2025-09-24 09:27:13,2025-09-08 09:27:13
601,1705,vip_plus,active,2025-07-23 09:27:13,2025-09-28 09:27:13,2025-07-23 09:27:13
602,1707,vip,active,2025-06-26 09:27:13,2025-07-14 09:27:13,2025-06-26 09:27:13
603,1708,vip_plus,active,2025-08-28 09:27:13,2025-10-15 09:27:13,2025-08-28 09:27:13
604,1712,vip_plus,active,2025-07-17 09:27:13,2025-09-01 09:27:13,2025-07-17 09:27:13
605,1714,vip,active,2025-07-06 09:27:13,2025-07-27 09:27:13,2025-07-06 09:27:13
606,1715,vip_plus,active,2025-08-20 09:27:13,2025-10-17 09:27:13,2025-08-20 09:27:13
607,1720,vip_plus,active,2025-07-07 09:27:13,2025-09-19 09:27:13,2025-07-07 09:27:13
608,1721,vip_plus,active,2025-08-22 09:27:13,2025-10-11 09:27:13,2025-08-22 09:27:13
609,1723,vip,active,2025-07-17 09:27:13,2025-08-30 09:27:13,2025-07-17 09:27:13
610,1724,vip_plus,active,2025-07-17 09:27:13,2025-09-08 09:27:13,2025-07-17 09:27:13
611,1728,vip_plus,active,2025-06-24 09:27:13,2025-07-31 09:27:13,2025-06-24 09:27:13
612,1729,vip_plus,active,2025-06-18 09:27:13,2025-07-24 09:27:13,2025-06-18 09:27:13
613,1730,vip_plus,active,2025-07-29 09:27:13,2025-09-24 09:27:13,2025-07-29 09:27:13
614,1731,vip,active,2025-07-09 09:27:13,2025-08-01 09:27:13,2025-07-09 09:27:13
615,1736,vip,active,2025-08-10 09:27:13,2025-09-12 09:27:13,2025-08-10 09:27:13
616,1737,vip,active,2025-08-20 09:27:13,2025-10-10 09:27:13,2025-08-20 09:27:13
617,1738,vip,active,2025-07-04 09:27:13,2025-07-20 09:27:13,2025-07-04 09:27:13
618,1739,vip,active,2025-07-06 09:27:13,2025-09-01 09:27:13,2025-07-06 09:27:13
619,1741,vip,active,2025-08-20 09:27:13,2025-09-08 09:27:13,2025-08-20 09:27:13
620,1744,vip,active,2025-07-13 09:27:13,2025-09-29 09:27:13,2025-07-13 09:27:13
621,1745,vip_plus,active,2025-09-10 09:27:13,2025-10-29 09:27:13,2025-09-10 09:27:13
622,1757,vip,active,2025-06-21 09:27:13,2025-08-25 09:27:13,2025-06-21 09:27:13
623,1764,vip,active,2025-08-14 09:27:13,2025-10-28 09:27:13,2025-08-14 09:27:13
624,1765,vip_plus,active,2025-08-26 09:27:13,2025-11-22 09:27:13,2025-08-26 09:27:13
625,1767,vip_plus,active,2025-07-24 09:27:13,2025-10-22 09:27:13,2025-07-24 09:27:13
626,1768,vip,active,2025-07-29 09:27:13,2025-09-13 09:27:13,2025-07-29 09:27:13
627,1769,vip_plus,active,2025-08-16 09:27:13,2025-09-27 09:27:13,2025-08-16 09:27:13
628,1771,vip_plus,active,2025-07-24 09:27:13,2025-09-07 09:27:13,2025-07-24 09:27:13
629,1775,vip,active,2025-09-03 09:27:13,2025-10-01 09:27:13,2025-09-03 09:27:13
630,1777,vip_plus,active,2025-08-31 09:27:13,2025-10-04 09:27:13,2025-08-31 09:27:13
631,1780,vip_plus,active,2025-06-30 09:27:13,2025-08-21 09:27:13,2025-06-30 09:27:13
632,1783,vip,active,2025-08-04 09:27:13,2025-09-01 09:27:13,2025-08-04 09:27:13
633,1784,vip_plus,active,2025-08-31 09:27:13,2025-10-14 09:27:13,2025-08-31 09:27:13
634,1789,vip,active,2025-06-25 09:27:13,2025-08-04 09:27:13,2025-06-25 09:27:13
635,1793,vip,active,2025-07-08 09:27:13,2025-08-18 09:27:13,2025-07-08 09:27:13
636,1795,vip,active,2025-08-17 09:27:13,2025-09-10 09:27:13,2025-08-17 09:27:13
637,1797,vip_plus,active,2025-08-02 09:27:13,2025-10-19 09:27:13,2025-08-02 09:27:13
638,1800,vip,active,2025-07-01 09:27:13,2025-08-31 09:27:13,2025-07-01 09:27:13
639,1801,vip_plus,active,2025-07-30 09:27:13,2025-10-03 09:27:13,2025-07-30 09:27:13
640,1806,vip,active,2025-09-06 09:27:13,2025-12-02 09:27:13,2025-09-06 09:27:13
641,1810,vip,active,2025-08-11 09:27:13,2025-09-11 09:27:13,2025-08-11 09:27:13
642,1811,vip,active,2025-09-10 09:27:13,2025-09-27 09:27:13,2025-09-10 09:27:13
643,1819,vip,active,2025-06-29 09:27:13,2025-07-26 09:27:13,2025-06-29 09:27:13
644,1825,vip,active,2025-07-10 09:27:13,2025-08-18 09:27:13,2025-07-10 09:27:13
645,1829,vip,active,2025-08-22 09:27:13,2025-09-13 09:27:13,2025-08-22 09:27:13
646,1831,vip_plus,active,2025-09-08 09:27:13,2025-11-11 09:27:13,2025-09-08 09:27:13
647,1832,vip_plus,active,2025-07-26 09:27:13,2025-09-25 09:27:13,2025-07-26 09:27:13
648,1835,vip,active,2025-06-29 09:27:13,2025-08-05 09:27:13,2025-06-29 09:27:13
649,1839,vip_plus,active,2025-06-24 09:27:13,2025-09-12 09:27:13,2025-06-24 09:27:13
650,1840,vip_plus,active,2025-06-16 09:27:13,2025-07-13 09:27:13,2025-06-16 09:27:13
651,1842,vip,active,2025-06-29 09:27:13,2025-08-09 09:27:13,2025-06-29 09:27:13
652,1844,vip,active,2025-07-06 09:27:13,2025-08-09 09:27:13,2025-07-06 09:27:13
653,1852,vip,active,2025-07-29 09:27:13,2025-10-02 09:27:13,2025-07-29 09:27:13
654,1854,vip_plus,active,2025-06-18 09:27:13,2025-09-13 09:27:13,2025-06-18 09:27:13
655,1856,vip_plus,active,2025-07-15 09:27:13,2025-10-11 09:27:13,2025-07-15 09:27:13
656,1857,vip_plus,active,2025-07-10 09:27:13,2025-07-31 09:27:13,2025-07-10 09:27:13
657,1862,vip,active,2025-08-10 09:27:13,2025-10-23 09:27:13,2025-08-10 09:27:13
658,1863,vip_plus,active,2025-09-03 09:27:13,2025-10-30 09:27:13,2025-09-03 09:27:13
659,1865,vip_plus,active,2025-09-10 09:27:13,2025-10-22 09:27:13,2025-09-10 09:27:13
660,1868,vip,active,2025-06-29 09:27:13,2025-07-27 09:27:13,2025-06-29 09:27:13
661,1871,vip,active,2025-06-26 09:27:13,2025-09-01 09:27:13,2025-06-26 09:27:13
662,1874,vip,active,2025-08-03 09:27:13,2025-10-22 09:27:13,2025-08-03 09:27:13
663,1875,vip_plus,active,2025-09-08 09:27:13,2025-12-01 09:27:13,2025-09-08 09:27:13
664,1877,vip_plus,active,2025-09-14 09:27:13,2025-10-31 09:27:13,2025-09-14 09:27:13
665,1880,vip,active,2025-07-29 09:27:13,2025-10-18 09:27:13,2025-07-29 09:27:13
666,1885,vip_plus,active,2025-08-17 09:27:13,2025-09-11 09:27:13,2025-08-17 09:27:13
667,1887,vip,active,2025-06-29 09:27:13,2025-08-20 09:27:13,2025-06-29 09:27:13
668,1889,vip,active,2025-06-18 09:27:13,2025-09-16 09:27:13,2025-06-18 09:27:13
669,1891,vip,active,2025-07-21 09:27:13,2025-10-17 09:27:13,2025-07-21 09:27:13
670,1892,vip_plus,active,2025-09-01 09:27:13,2025-09-29 09:27:13,2025-09-01 09:27:13
671,1898,vip_plus,active,2025-07-12 09:27:13,2025-09-07 09:27:13,2025-07-12 09:27:13
672,1899,vip,active,2025-07-29 09:27:13,2025-10-15 09:27:13,2025-07-29 09:27:13
673,1904,vip,active,2025-08-21 09:27:13,2025-09-10 09:27:13,2025-08-21 09:27:13
674,1909,vip,active,2025-08-01 09:27:13,2025-08-26 09:27:13,2025-08-01 09:27:13
675,1910,vip,active,2025-07-06 09:27:13,2025-08-03 09:27:13,2025-07-06 09:27:13
676,1918,vip_plus,active,2025-09-06 09:27:13,2025-11-27 09:27:13,2025-09-06 09:27:13
677,1923,vip_plus,active,2025-09-09 09:27:13,2025-12-05 09:27:13,2025-09-09 09:27:13
678,1926,vip_plus,active,2025-06-16 09:27:13,2025-08-31 09:27:13,2025-06-16 09:27:13
679,1933,vip_plus,active,2025-07-26 09:27:13,2025-10-22 09:27:13,2025-07-26 09:27:13
680,1935,vip_plus,active,2025-08-18 09:27:13,2025-10-06 09:27:13,2025-08-18 09:27:13
681,1937,vip_plus,active,2025-07-22 09:27:13,2025-10-09 09:27:13,2025-07-22 09:27:13
682,1941,vip,active,2025-08-05 09:27:13,2025-10-08 09:27:13,2025-08-05 09:27:13
683,1944,vip,active,2025-09-11 09:27:13,2025-11-30 09:27:13,2025-09-11 09:27:13
684,1945,vip_plus,active,2025-07-12 09:27:13,2025-10-07 09:27:13,2025-07-12 09:27:13
685,1946,vip_plus,active,2025-08-02 09:27:13,2025-10-26 09:27:13,2025-08-02 09:27:13
686,1949,vip,active,2025-07-08 09:27:13,2025-07-27 09:27:13,2025-07-08 09:27:13
687,1956,vip_plus,active,2025-08-22 09:27:13,2025-10-02 09:27:13,2025-08-22 09:27:13
688,1957,vip_plus,active,2025-07-10 09:27:13,2025-08-22 09:27:13,2025-07-10 09:27:13
689,1958,vip_plus,active,2025-06-17 09:27:13,2025-07-26 09:27:13,2025-06-17 09:27:13
690,1961,vip,active,2025-08-10 09:27:13,2025-09-25 09:27:13,2025-08-10 09:27:13
691,1963,vip_plus,active,2025-07-31 09:27:13,2025-08-28 09:27:13,2025-07-31 09:27:13
692,1970,vip_plus,active,2025-07-30 09:27:13,2025-09-16 09:27:13,2025-07-30 09:27:13
693,1971,vip,active,2025-09-10 09:27:13,2025-10-19 09:27:13,2025-09-10 09:27:13
694,1972,vip,active,2025-06-19 09:27:13,2025-07-16 09:27:13,2025-06-19 09:27:13
695,1973,vip,active,2025-06-29 09:27:13,2025-07-21 09:27:13,2025-06-29 09:27:13
696,1976,vip,active,2025-08-12 09:27:13,2025-10-15 09:27:13,2025-08-12 09:27:13
697,1977,vip_plus,active,2025-06-29 09:27:13,2025-09-25 09:27:13,2025-06-29 09:27:13
698,1979,vip,active,2025-06-28 09:27:13,2025-08-06 09:27:13,2025-06-28 09:27:13
699,1980,vip,active,2025-08-06 09:27:13,2025-09-21 09:27:13,2025-08-06 09:27:13
700,1984,vip_plus,active,2025-07-30 09:27:13,2025-08-26 09:27:13,2025-07-30 09:27:13
701,1986,vip,active,2025-08-26 09:27:13,2025-09-11 09:27:13,2025-08-26 09:27:13
702,1987,vip_plus,active,2025-07-23 09:27:13,2025-09-23 09:27:13,2025-07-23 09:27:13
703,1988,vip,active,2025-09-05 09:27:13,2025-10-01 09:27:13,2025-09-05 09:27:13
704,1991,vip_plus,active,2025-07-03 09:27:13,2025-08-16 09:27:13,2025-07-03 09:27:13
705,1992,vip_plus,active,2025-06-24 09:27:13,2025-08-28 09:27:13,2025-06-24 09:27:13
706,1994,vip_plus,active,2025-08-18 09:27:13,2025-09-13 09:27:13,2025-08-18 09:27:13
707,1996,vip_plus,active,2025-08-03 09:27:13,2025-09-11 09:27:13,2025-08-03 09:27:13
708,1998,vip,active,2025-07-13 09:27:13,2025-09-17 09:27:13,2025-07-13 09:27:13
709,2000,vip,active,2025-07-06 09:27:13,2025-09-26 09:27:13,2025-07-06 09:27:13
