id,user_id,activity_id,status,group_no,liked_user_ids,review,created_at
1,998,1,approved,B,[],活动很棒,2025-07-23 09:27:13
2,1409,5,approved,B,"[1399, 858, 613]",活动很棒,2025-08-24 09:27:13
3,298,1,rejected,B,[1268],组织有序,2025-08-09 09:27:13
4,957,5,absent,,[70],组织有序,2025-08-08 09:27:13
5,1324,8,applied,B,[889],氛围不错,2025-07-19 09:27:13
6,1417,2,rejected,C,[1366],活动很棒,2025-08-19 09:27:13
7,634,1,absent,C,[],活动很棒,2025-09-09 09:27:13
8,1047,5,rejected,B,"[108, 1164]",氛围不错,2025-07-22 09:27:13
9,770,10,applied,,[1215],组织有序,2025-06-26 09:27:13
10,635,9,rejected,A,"[1434, 589]",,2025-06-16 09:27:13
11,946,1,checked_in,B,[983],氛围不错,2025-07-05 09:27:13
12,1934,10,applied,C,"[417, 1265]",活动很棒,2025-07-13 09:27:13
13,1678,3,rejected,A,"[880, 1934]",组织有序,2025-07-13 09:27:13
14,1958,6,applied,A,"[197, 906, 1135]",,2025-07-10 09:27:13
15,1848,7,approved,,[],氛围不错,2025-08-20 09:27:13
16,153,2,rejected,,"[1667, 814]",,2025-09-10 09:27:13
17,1133,6,approved,C,"[1924, 951, 1758]",活动很棒,2025-08-21 09:27:13
18,539,5,absent,A,"[437, 728]",氛围不错,2025-07-15 09:27:13
19,258,2,checked_in,B,"[447, 652, 1278]",活动很棒,2025-07-12 09:27:13
20,135,4,checked_in,C,"[1277, 1614]",氛围不错,2025-07-23 09:27:13
21,1339,9,approved,,[1326],活动很棒,2025-09-07 09:27:13
22,1533,6,checked_in,C,"[1666, 1076, 988]",氛围不错,2025-08-27 09:27:13
23,1385,8,rejected,,[1668],,2025-08-28 09:27:13
24,1804,3,approved,B,[1208],,2025-08-01 09:27:13
25,1143,9,rejected,,[569],氛围不错,2025-07-04 09:27:13
26,1798,3,applied,B,[],氛围不错,2025-08-30 09:27:13
27,1583,10,checked_in,B,"[1662, 1129]",活动很棒,2025-08-31 09:27:13
28,1485,6,applied,B,"[118, 395]",氛围不错,2025-08-18 09:27:13
29,1993,10,approved,C,"[1301, 1090, 177]",,2025-06-20 09:27:13
30,714,3,applied,,"[7, 1089, 1182]",,2025-07-12 09:27:13
31,564,2,approved,C,"[1669, 70, 276]",氛围不错,2025-09-09 09:27:13
32,1921,6,applied,C,[],氛围不错,2025-06-23 09:27:13
33,140,3,applied,,"[984, 737, 245]",组织有序,2025-09-05 09:27:13
34,561,7,rejected,A,[1695],活动很棒,2025-08-04 09:27:13
35,138,1,approved,A,"[292, 1255, 968]",组织有序,2025-08-17 09:27:13
36,673,9,approved,A,[],活动很棒,2025-07-24 09:27:13
37,958,4,rejected,,[],组织有序,2025-07-06 09:27:13
38,989,5,absent,B,"[199, 1656, 716]",活动很棒,2025-06-26 09:27:13
39,19,6,checked_in,C,"[1183, 153]",活动很棒,2025-07-13 09:27:13
40,1667,1,checked_in,A,"[1920, 417]",氛围不错,2025-07-20 09:27:13
41,560,7,applied,A,[911],组织有序,2025-07-23 09:27:13
42,555,3,absent,,"[182, 830]",组织有序,2025-08-18 09:27:13
43,811,1,rejected,B,"[757, 684]",氛围不错,2025-09-07 09:27:13
44,1701,7,checked_in,B,"[1669, 390, 1407]",,2025-07-14 09:27:13
45,90,9,approved,B,[],氛围不错,2025-06-18 09:27:13
46,1100,3,approved,,[1302],,2025-06-21 09:27:13
47,127,4,rejected,C,[],组织有序,2025-08-25 09:27:13
48,1154,7,approved,B,[119],,2025-08-06 09:27:13
49,354,10,approved,,"[1660, 568, 323]",组织有序,2025-07-23 09:27:13
50,1851,6,checked_in,A,"[1266, 1930]",组织有序,2025-07-09 09:27:13
51,838,2,checked_in,C,[647],氛围不错,2025-06-23 09:27:13
52,1977,4,rejected,C,[],组织有序,2025-07-14 09:27:13
53,1711,9,checked_in,A,[],组织有序,2025-07-20 09:27:13
54,938,3,absent,B,[],活动很棒,2025-09-04 09:27:13
55,1985,8,checked_in,,[778],氛围不错,2025-06-28 09:27:13
56,444,2,checked_in,,"[873, 210, 1509]",活动很棒,2025-09-13 09:27:13
57,1231,8,absent,A,[],活动很棒,2025-08-09 09:27:13
58,1356,1,absent,C,[],活动很棒,2025-09-03 09:27:13
59,947,4,approved,C,[1209],活动很棒,2025-07-31 09:27:13
60,34,3,applied,,[],活动很棒,2025-07-05 09:27:13
61,324,8,applied,A,"[1136, 769, 1721]",活动很棒,2025-07-21 09:27:13
62,1608,8,applied,C,"[1342, 110]",组织有序,2025-08-28 09:27:13
63,1679,10,applied,A,[],,2025-08-07 09:27:13
64,1570,9,rejected,C,"[108, 588, 430]",,2025-09-08 09:27:13
65,1413,9,rejected,,"[847, 1731, 1059]",,2025-06-28 09:27:13
66,1048,7,rejected,B,[1434],氛围不错,2025-07-24 09:27:13
67,546,2,absent,,[1550],活动很棒,2025-07-14 09:27:13
68,445,4,checked_in,A,[921],,2025-07-04 09:27:13
69,1614,7,applied,A,[1347],组织有序,2025-09-04 09:27:13
70,1316,9,applied,B,"[1520, 1110]",氛围不错,2025-09-09 09:27:13
71,334,5,approved,,[1565],氛围不错,2025-08-31 09:27:13
72,370,5,approved,C,[],氛围不错,2025-06-23 09:27:13
73,1303,2,rejected,A,"[69, 1250]",氛围不错,2025-06-28 09:27:13
74,163,3,approved,B,[519],活动很棒,2025-08-20 09:27:13
75,168,6,rejected,C,[],组织有序,2025-07-04 09:27:13
76,1633,6,approved,B,"[1448, 1362]",组织有序,2025-08-03 09:27:13
77,414,6,applied,C,"[316, 318, 814]",氛围不错,2025-08-10 09:27:13
78,994,5,rejected,C,"[281, 89, 357]",组织有序,2025-06-27 09:27:13
79,236,6,absent,A,"[1911, 961, 1926]",组织有序,2025-06-16 09:27:13
80,1737,3,checked_in,B,[],,2025-08-25 09:27:13
81,758,7,applied,B,[874],组织有序,2025-08-04 09:27:13
82,679,6,checked_in,A,[],组织有序,2025-08-07 09:27:13
83,1994,2,checked_in,C,[],活动很棒,2025-07-23 09:27:13
84,114,5,checked_in,A,"[608, 1050, 1037]",,2025-07-10 09:27:13
85,748,8,applied,B,"[566, 1740]",组织有序,2025-08-06 09:27:13
86,1027,7,rejected,B,"[1237, 1947, 1099]",活动很棒,2025-07-06 09:27:13
87,1762,6,applied,,[],活动很棒,2025-09-05 09:27:13
88,1553,9,rejected,B,"[1876, 579]",组织有序,2025-06-30 09:27:13
89,1334,2,rejected,B,"[1832, 915, 507]",活动很棒,2025-08-27 09:27:13
90,1074,1,approved,A,[],组织有序,2025-08-30 09:27:13
91,152,3,checked_in,A,"[1457, 31, 1716]",氛围不错,2025-06-19 09:27:13
92,1651,4,absent,,[1807],氛围不错,2025-08-27 09:27:13
93,973,1,applied,A,"[607, 627]",组织有序,2025-07-23 09:27:13
94,630,9,approved,,[587],活动很棒,2025-08-16 09:27:13
95,562,3,approved,B,[],,2025-07-29 09:27:13
96,333,10,applied,C,"[1920, 80]",,2025-07-05 09:27:13
97,692,8,checked_in,B,"[1051, 1150, 1938]",,2025-08-01 09:27:13
98,617,9,absent,C,"[1202, 254]",活动很棒,2025-08-28 09:27:13
99,552,4,rejected,A,[],氛围不错,2025-07-02 09:27:13
100,1234,8,checked_in,B,"[1994, 1768, 322]",,2025-09-04 09:27:13
101,339,8,absent,C,[],,2025-07-16 09:27:13
102,1468,1,applied,,"[1999, 1604]",,2025-06-24 09:27:13
103,311,8,absent,B,[],氛围不错,2025-08-09 09:27:13
104,1291,10,approved,,[],氛围不错,2025-06-20 09:27:13
105,588,8,checked_in,B,[223],活动很棒,2025-08-12 09:27:13
106,1107,3,rejected,B,[1432],组织有序,2025-08-31 09:27:13
107,1128,3,applied,,"[843, 469]",,2025-07-04 09:27:13
108,1538,10,approved,A,[1322],,2025-07-20 09:27:13
109,689,6,approved,C,"[1939, 395]",,2025-07-24 09:27:13
110,1271,9,applied,C,"[1181, 916]",组织有序,2025-07-18 09:27:13
111,386,8,rejected,A,"[185, 1019]",组织有序,2025-08-12 09:27:13
112,1109,8,approved,B,[517],组织有序,2025-08-13 09:27:13
113,1498,9,checked_in,,"[598, 4]",活动很棒,2025-08-04 09:27:13
114,1878,5,approved,B,[1745],活动很棒,2025-07-29 09:27:13
115,1062,10,applied,C,[1733],组织有序,2025-08-18 09:27:13
116,1648,7,rejected,B,"[1792, 805, 761]",组织有序,2025-07-10 09:27:13
117,1821,7,rejected,A,[],组织有序,2025-09-14 09:27:13
118,86,1,rejected,,[],氛围不错,2025-08-01 09:27:13
119,852,7,rejected,,"[1680, 679, 993]",组织有序,2025-08-13 09:27:13
120,1540,1,absent,,[],活动很棒,2025-07-03 09:27:13
121,1320,1,approved,A,"[463, 1605, 1406]",,2025-08-26 09:27:13
122,20,1,absent,,"[594, 85]",活动很棒,2025-07-10 09:27:13
123,1771,6,absent,,[],活动很棒,2025-07-29 09:27:13
124,551,2,rejected,B,[],组织有序,2025-08-17 09:27:13
125,1628,8,rejected,C,"[357, 719, 1394]",,2025-06-25 09:27:13
126,784,1,applied,,[],,2025-07-29 09:27:13
127,1314,9,rejected,B,"[1665, 618, 511]",氛围不错,2025-06-20 09:27:13
128,491,10,applied,B,"[66, 1769]",氛围不错,2025-08-05 09:27:13
129,239,4,rejected,C,"[1724, 1783]",氛围不错,2025-06-17 09:27:13
130,1752,6,approved,A,[56],,2025-07-08 09:27:13
131,187,3,applied,B,[151],氛围不错,2025-06-18 09:27:13
132,218,3,approved,B,"[500, 256]",,2025-08-16 09:27:13
133,1968,3,absent,A,"[772, 166, 825]",,2025-07-29 09:27:13
134,1126,3,applied,C,"[458, 267, 392]",活动很棒,2025-06-28 09:27:13
135,1242,8,absent,B,[87],,2025-09-09 09:27:13
136,1700,2,applied,C,"[806, 1226]",组织有序,2025-08-06 09:27:13
137,310,8,applied,,"[71, 994]",活动很棒,2025-06-17 09:27:13
138,1051,9,applied,,"[1006, 186]",,2025-08-10 09:27:13
139,1064,1,rejected,C,[885],,2025-09-04 09:27:13
140,832,6,checked_in,C,"[342, 949, 1353]",氛围不错,2025-07-03 09:27:13
141,766,1,approved,,[1529],组织有序,2025-07-12 09:27:13
142,1814,9,checked_in,A,[],组织有序,2025-07-24 09:27:13
143,1527,9,applied,,"[1884, 1340, 1084]",活动很棒,2025-09-04 09:27:13
144,1070,8,absent,B,"[15, 1354]",,2025-07-30 09:27:13
145,1705,4,checked_in,,[],,2025-07-02 09:27:13
146,1518,7,checked_in,C,[],组织有序,2025-08-11 09:27:13
147,1469,9,applied,B,"[185, 1987, 1493]",氛围不错,2025-06-29 09:27:13
148,1617,5,approved,A,[183],活动很棒,2025-06-20 09:27:13
149,1329,5,rejected,B,"[1865, 873]",活动很棒,2025-08-10 09:27:13
150,1754,7,approved,A,[],氛围不错,2025-08-29 09:27:13
151,1018,4,rejected,A,"[1314, 1702]",组织有序,2025-08-28 09:27:13
152,1870,9,applied,A,"[10, 1996]",活动很棒,2025-07-06 09:27:13
153,234,10,approved,A,[1928],氛围不错,2025-07-16 09:27:13
154,124,8,approved,,[76],活动很棒,2025-09-06 09:27:13
155,1576,3,checked_in,C,[],氛围不错,2025-07-14 09:27:13
156,1868,7,applied,B,"[1022, 894]",组织有序,2025-07-04 09:27:13
157,1930,1,checked_in,,[213],氛围不错,2025-07-30 09:27:13
158,1480,9,checked_in,,[612],活动很棒,2025-07-31 09:27:13
159,1345,6,absent,C,[],氛围不错,2025-06-21 09:27:13
160,1167,5,checked_in,A,[1229],氛围不错,2025-06-27 09:27:13
161,1140,5,absent,C,[],氛围不错,2025-06-26 09:27:13
162,672,2,applied,B,[713],组织有序,2025-06-25 09:27:13
163,36,3,approved,A,[],组织有序,2025-08-13 09:27:13
164,217,3,rejected,C,"[710, 607]",活动很棒,2025-07-23 09:27:13
165,487,9,applied,A,[1308],氛围不错,2025-07-24 09:27:13
166,289,4,checked_in,B,"[1867, 544, 1076]",组织有序,2025-08-01 09:27:13
167,1452,3,rejected,,[1350],活动很棒,2025-07-03 09:27:13
168,1280,5,applied,,"[622, 273, 561]",氛围不错,2025-08-15 09:27:13
169,1428,4,rejected,,"[1555, 1294, 1962]",组织有序,2025-08-13 09:27:13
170,952,4,checked_in,A,[],活动很棒,2025-08-14 09:27:13
171,1176,4,checked_in,,[931],活动很棒,2025-06-27 09:27:13
172,1975,7,applied,,[770],活动很棒,2025-08-02 09:27:13
173,922,3,rejected,B,"[739, 99, 556]",活动很棒,2025-09-10 09:27:13
174,969,2,checked_in,,[1925],氛围不错,2025-06-25 09:27:13
175,1364,7,approved,A,[1881],,2025-08-06 09:27:13
176,116,3,applied,A,"[1437, 385]",,2025-06-30 09:27:13
177,210,10,checked_in,B,[394],组织有序,2025-07-04 09:27:13
178,1159,10,rejected,,[282],组织有序,2025-08-08 09:27:13
179,1685,10,rejected,C,"[1729, 214, 1402]",,2025-07-20 09:27:13
180,1194,8,checked_in,A,[1691],氛围不错,2025-07-10 09:27:13
181,1408,6,rejected,B,[],活动很棒,2025-08-01 09:27:13
182,581,3,approved,B,"[651, 795]",活动很棒,2025-07-10 09:27:13
183,337,6,checked_in,A,[757],活动很棒,2025-06-23 09:27:13
184,683,10,approved,,[1968],活动很棒,2025-06-25 09:27:13
185,521,2,rejected,B,[],活动很棒,2025-09-06 09:27:13
186,1278,9,rejected,C,[1456],,2025-07-12 09:27:13
187,1850,8,applied,,"[1486, 1394, 1078]",活动很棒,2025-08-08 09:27:13
188,470,6,checked_in,,"[1674, 1330, 1813]",活动很棒,2025-08-10 09:27:13
189,553,4,checked_in,A,"[1289, 1519]",氛围不错,2025-09-03 09:27:13
190,1619,4,absent,,[],,2025-08-03 09:27:13
191,1778,8,absent,C,[],氛围不错,2025-08-08 09:27:13
192,72,4,approved,B,[],组织有序,2025-08-06 09:27:13
193,1463,1,approved,C,[935],氛围不错,2025-08-31 09:27:13
194,645,5,checked_in,B,[],氛围不错,2025-07-31 09:27:13
195,695,8,absent,A,"[1954, 1286]",,2025-07-25 09:27:13
196,1224,6,absent,B,[],组织有序,2025-08-31 09:27:13
197,1887,5,absent,C,[622],,2025-07-04 09:27:13
198,1909,2,approved,C,[1338],,2025-08-18 09:27:13
199,1158,2,checked_in,,"[1861, 784, 567]",活动很棒,2025-07-29 09:27:13
200,681,5,checked_in,,"[426, 1683]",组织有序,2025-08-04 09:27:13
201,1394,6,rejected,C,"[163, 799]",组织有序,2025-08-19 09:27:13
202,1955,9,absent,A,"[1375, 769, 1539]",,2025-09-14 09:27:13
203,1615,4,checked_in,,[],活动很棒,2025-07-22 09:27:13
204,410,7,approved,,"[779, 554]",活动很棒,2025-09-01 09:27:13
205,1492,9,rejected,A,"[1126, 580]",活动很棒,2025-06-19 09:27:13
206,629,4,absent,,[547],,2025-07-07 09:27:13
207,250,2,rejected,,"[251, 79]",氛围不错,2025-08-09 09:27:13
208,704,8,applied,C,[1765],组织有序,2025-07-10 09:27:13
209,1911,7,checked_in,C,[],组织有序,2025-07-25 09:27:13
210,570,9,approved,C,"[651, 1564, 1587]",组织有序,2025-06-24 09:27:13
211,1865,10,approved,C,[],,2025-08-07 09:27:13
212,1713,7,rejected,B,[1139],活动很棒,2025-08-15 09:27:13
213,1744,10,approved,C,"[789, 1436]",组织有序,2025-07-20 09:27:13
214,275,8,rejected,,[],氛围不错,2025-06-29 09:27:13
215,203,6,approved,B,"[696, 468, 1913]",,2025-07-17 09:27:13
216,102,10,checked_in,B,[],活动很棒,2025-06-30 09:27:13
217,11,9,rejected,A,"[781, 1335]",氛围不错,2025-08-11 09:27:13
218,1160,9,rejected,,[],组织有序,2025-07-08 09:27:13
219,121,10,checked_in,,[1505],氛围不错,2025-06-26 09:27:13
220,1181,8,checked_in,B,"[1820, 955]",组织有序,2025-07-03 09:27:13
221,1425,9,applied,A,"[1372, 782]",组织有序,2025-08-14 09:27:13
222,10,1,checked_in,,[1242],组织有序,2025-06-17 09:27:13
223,699,9,approved,B,"[612, 134, 145]",氛围不错,2025-09-10 09:27:13
224,1846,8,approved,,"[928, 1988, 177]",组织有序,2025-07-22 09:27:13
225,675,6,checked_in,A,[928],组织有序,2025-08-07 09:27:13
226,623,3,rejected,C,[],活动很棒,2025-09-14 09:27:13
227,1521,4,rejected,C,"[1709, 479]",活动很棒,2025-07-08 09:27:13
228,1836,2,applied,A,[604],组织有序,2025-07-21 09:27:13
229,1072,6,checked_in,,"[1742, 627]",,2025-08-04 09:27:13
230,1597,10,applied,B,"[576, 460]",组织有序,2025-08-06 09:27:13
231,949,10,absent,A,[],氛围不错,2025-06-24 09:27:13
232,219,9,rejected,,[234],,2025-08-01 09:27:13
233,929,6,absent,B,[1921],组织有序,2025-08-11 09:27:13
234,1919,6,rejected,,"[910, 254, 2]",,2025-07-25 09:27:13
235,222,6,rejected,,"[935, 289, 577]",,2025-08-22 09:27:13
236,1822,1,checked_in,B,"[1594, 1772]",活动很棒,2025-08-17 09:27:13
237,1411,2,checked_in,C,[],组织有序,2025-06-21 09:27:13
238,1801,6,absent,A,"[1023, 556, 791]",活动很棒,2025-07-01 09:27:13
239,1545,3,approved,C,[],氛围不错,2025-08-27 09:27:13
240,221,2,absent,C,[946],组织有序,2025-09-03 09:27:13
241,133,9,approved,A,"[1007, 1733]",组织有序,2025-08-15 09:27:13
242,262,10,checked_in,B,[],组织有序,2025-09-14 09:27:13
243,1842,3,absent,A,[338],组织有序,2025-08-06 09:27:13
244,1803,4,absent,B,"[124, 1927]",,2025-09-11 09:27:13
245,351,2,rejected,C,"[1684, 1732]",,2025-08-05 09:27:13
246,1300,1,absent,C,[1877],氛围不错,2025-06-18 09:27:13
247,657,1,checked_in,C,[1863],活动很棒,2025-07-27 09:27:13
248,205,5,applied,C,"[1569, 1094, 1186]",氛围不错,2025-09-13 09:27:13
249,1546,7,rejected,B,"[751, 502, 1029]",组织有序,2025-07-19 09:27:13
250,1790,1,rejected,,[],氛围不错,2025-09-08 09:27:13
251,382,10,applied,C,[896],组织有序,2025-07-12 09:27:13
252,919,8,approved,A,"[1717, 272]",氛围不错,2025-07-24 09:27:13
253,599,5,approved,B,[68],,2025-08-22 09:27:13
254,1750,4,rejected,B,"[1016, 1769, 111]",活动很棒,2025-07-11 09:27:13
255,1305,6,applied,A,"[567, 1138]",组织有序,2025-06-28 09:27:13
256,1106,3,rejected,,"[1973, 1762]",氛围不错,2025-06-27 09:27:13
257,1879,2,checked_in,B,[],,2025-07-15 09:27:13
258,1386,10,absent,,[],,2025-06-16 09:27:13
259,1689,7,absent,C,"[84, 1351, 495]",,2025-08-08 09:27:13
260,1629,2,absent,B,"[306, 1812, 1593]",活动很棒,2025-07-02 09:27:13
261,1751,5,checked_in,B,"[1185, 1325]",氛围不错,2025-07-18 09:27:13
262,186,7,checked_in,A,[],,2025-06-22 09:27:13
263,1716,6,rejected,C,"[1473, 989, 371]",,2025-06-17 09:27:13
264,772,10,checked_in,,"[801, 1594, 1122]",组织有序,2025-07-31 09:27:13
265,1423,2,applied,B,[],组织有序,2025-07-28 09:27:13
266,1815,9,absent,A,[],组织有序,2025-08-20 09:27:13
267,377,9,checked_in,B,"[1554, 97]",,2025-08-10 09:27:13
268,1590,4,approved,,"[55, 1747]",组织有序,2025-08-17 09:27:13
269,16,7,applied,,"[454, 1542, 457]",组织有序,2025-06-17 09:27:13
270,6,10,absent,A,"[884, 323, 389]",活动很棒,2025-08-18 09:27:13
271,1437,7,absent,,[1949],,2025-08-15 09:27:13
272,988,10,checked_in,,"[26, 295, 1908]",活动很棒,2025-06-23 09:27:13
273,729,5,checked_in,B,"[1383, 1639, 1745]",活动很棒,2025-08-01 09:27:13
274,1442,9,checked_in,B,[1315],氛围不错,2025-08-15 09:27:13
275,730,9,applied,C,[928],活动很棒,2025-07-03 09:27:13
276,192,3,applied,B,"[1325, 1596, 1624]",氛围不错,2025-09-06 09:27:13
277,866,7,checked_in,,"[38, 1271]",,2025-08-16 09:27:13
278,892,1,absent,,"[1995, 1314]",活动很棒,2025-07-28 09:27:13
279,678,5,absent,A,"[170, 1479, 644]",氛围不错,2025-07-03 09:27:13
280,1424,9,rejected,B,[],氛围不错,2025-07-11 09:27:13
281,423,2,checked_in,,"[604, 1140, 1127]",活动很棒,2025-08-26 09:27:13
282,401,5,applied,,"[1802, 1112, 1610]",组织有序,2025-07-18 09:27:13
283,1115,5,checked_in,C,[1747],活动很棒,2025-09-02 09:27:13
284,1365,8,approved,,"[1188, 1220, 322]",活动很棒,2025-08-06 09:27:13
285,1315,1,applied,,[],氛围不错,2025-07-01 09:27:13
286,1197,8,applied,A,[1384],组织有序,2025-08-28 09:27:13
287,402,7,approved,C,[],,2025-07-28 09:27:13
288,1611,5,rejected,B,"[1717, 1039, 1373]",氛围不错,2025-08-21 09:27:13
289,1567,8,approved,,"[1137, 1327, 1698]",,2025-07-31 09:27:13
290,639,1,applied,B,"[414, 440, 993]",,2025-07-24 09:27:13
291,524,6,approved,C,"[1734, 1209, 753]",,2025-06-17 09:27:13
292,42,5,approved,C,[704],组织有序,2025-06-18 09:27:13
293,1410,3,rejected,B,"[1998, 1207]",,2025-07-28 09:27:13
294,281,5,approved,B,[811],,2025-09-05 09:27:13
295,1347,1,approved,,"[1567, 1806, 1920]",活动很棒,2025-07-14 09:27:13
296,786,10,applied,B,[733],,2025-08-21 09:27:13
297,286,4,rejected,,"[1996, 429, 259]",组织有序,2025-08-21 09:27:13
298,1201,1,checked_in,C,[600],活动很棒,2025-09-07 09:27:13
299,709,2,rejected,A,"[904, 1682, 599]",,2025-07-25 09:27:13
300,977,10,checked_in,C,[1271],活动很棒,2025-07-14 09:27:13
301,1775,1,rejected,A,[],组织有序,2025-09-13 09:27:13
302,440,9,checked_in,B,[],氛围不错,2025-06-16 09:27:13
303,1021,8,absent,A,[1270],活动很棒,2025-06-25 09:27:13
304,591,3,absent,B,"[451, 1800]",氛围不错,2025-08-12 09:27:13
305,805,1,rejected,B,[],,2025-06-20 09:27:13
306,791,3,applied,,[],,2025-08-02 09:27:13
307,1715,4,applied,B,"[1840, 364, 590]",,2025-06-20 09:27:13
308,1947,9,checked_in,A,[866],活动很棒,2025-06-16 09:27:13
309,660,10,checked_in,C,[],,2025-07-17 09:27:13
310,1986,3,absent,,"[214, 573, 1836]",活动很棒,2025-09-06 09:27:13
311,1690,1,approved,B,"[221, 1010, 689]",组织有序,2025-09-08 09:27:13
312,52,10,absent,C,[],氛围不错,2025-08-29 09:27:13
313,1059,8,approved,C,"[895, 961]",,2025-08-30 09:27:13
314,733,4,applied,B,"[1986, 1905, 644]",活动很棒,2025-06-25 09:27:13
315,1407,4,applied,,"[1319, 340]",组织有序,2025-09-02 09:27:13
316,1652,4,absent,B,"[1338, 1467]",氛围不错,2025-06-24 09:27:13
317,1897,9,absent,A,[],氛围不错,2025-06-28 09:27:13
318,1991,7,approved,,"[1733, 1235, 787]",氛围不错,2025-09-10 09:27:13
319,624,8,approved,C,[144],,2025-06-26 09:27:13
320,736,8,applied,A,[],组织有序,2025-08-22 09:27:13
321,1860,4,approved,C,[],氛围不错,2025-08-19 09:27:13
322,1004,10,approved,,"[1401, 356]",组织有序,2025-09-02 09:27:13
323,464,2,approved,C,[],,2025-07-24 09:27:13
324,556,2,applied,A,"[754, 666, 825]",活动很棒,2025-06-28 09:27:13
325,1191,9,absent,,"[989, 543, 979]",活动很棒,2025-07-15 09:27:13
326,1903,3,approved,B,[],氛围不错,2025-06-19 09:27:13
327,1494,8,approved,C,"[356, 474, 47]",氛围不错,2025-09-06 09:27:13
328,1696,1,absent,B,"[749, 696, 1770]",氛围不错,2025-07-04 09:27:13
329,1658,4,applied,,[288],组织有序,2025-07-18 09:27:13
330,507,6,checked_in,,[703],,2025-06-29 09:27:13
331,1306,1,checked_in,,[321],氛围不错,2025-09-01 09:27:13
332,761,5,rejected,A,[203],,2025-07-17 09:27:13
333,134,6,rejected,,[],,2025-09-09 09:27:13
334,955,3,absent,,[],组织有序,2025-07-02 09:27:13
335,1196,9,absent,,[1603],活动很棒,2025-08-26 09:27:13
336,854,5,approved,C,[1141],氛围不错,2025-09-08 09:27:13
337,474,5,approved,A,"[1209, 1738, 217]",活动很棒,2025-09-13 09:27:13
338,191,1,checked_in,A,[96],,2025-06-27 09:27:13
339,648,7,approved,A,[],活动很棒,2025-07-26 09:27:13
340,37,8,applied,,[808],,2025-08-04 09:27:13
341,1873,4,absent,B,"[1740, 235, 1928]",活动很棒,2025-07-24 09:27:13
342,1945,4,approved,C,"[1048, 1980, 933]",,2025-07-27 09:27:13
343,1605,6,checked_in,A,[1598],氛围不错,2025-09-07 09:27:13
344,1215,6,absent,,"[1718, 566]",活动很棒,2025-06-20 09:27:13
345,1520,2,checked_in,C,"[548, 767]",组织有序,2025-09-06 09:27:13
346,1739,6,approved,B,[],活动很棒,2025-07-30 09:27:13
347,1792,1,approved,A,[909],,2025-07-25 09:27:13
348,725,1,approved,C,[1447],氛围不错,2025-07-09 09:27:13
349,1256,8,absent,A,[],氛围不错,2025-09-03 09:27:13
350,14,3,absent,B,[],氛围不错,2025-09-05 09:27:13
351,274,10,applied,B,[],活动很棒,2025-08-02 09:27:13
352,1454,6,checked_in,A,[],活动很棒,2025-07-11 09:27:13
353,1706,4,applied,C,[],组织有序,2025-06-27 09:27:13
354,813,4,applied,,"[1911, 1282, 1525]",,2025-08-19 09:27:13
355,972,7,approved,,"[685, 495]",活动很棒,2025-07-19 09:27:13
356,666,2,approved,B,"[83, 105, 499]",活动很棒,2025-06-16 09:27:13
357,715,2,approved,A,"[1913, 1274]",组织有序,2025-08-12 09:27:13
358,328,1,approved,C,"[309, 998, 1290]",活动很棒,2025-08-11 09:27:13
359,1269,4,absent,C,"[244, 1214]",活动很棒,2025-07-12 09:27:13
360,1983,1,approved,B,[],,2025-08-19 09:27:13
361,242,4,approved,A,"[823, 1784, 336]",,2025-06-26 09:27:13
362,166,8,applied,,"[637, 632]",,2025-07-06 09:27:13
363,340,4,applied,B,"[764, 1293, 598]",组织有序,2025-08-03 09:27:13
364,1974,2,checked_in,C,"[979, 1629, 439]",活动很棒,2025-07-01 09:27:13
365,971,6,approved,C,[1335],,2025-06-26 09:27:13
366,935,6,applied,C,[],组织有序,2025-07-02 09:27:13
367,1935,5,absent,C,[],氛围不错,2025-09-03 09:27:13
368,1488,8,approved,A,[],氛围不错,2025-08-02 09:27:13
369,145,2,checked_in,A,"[1326, 1075, 258]",氛围不错,2025-06-25 09:27:13
370,873,10,rejected,,[],活动很棒,2025-08-12 09:27:13
371,1161,7,applied,A,"[1877, 1080, 543]",活动很棒,2025-06-26 09:27:13
372,160,1,approved,,"[607, 967]",组织有序,2025-06-29 09:27:13
373,1871,2,checked_in,A,"[248, 1290]",,2025-08-25 09:27:13
374,1482,4,rejected,B,[],活动很棒,2025-08-29 09:27:13
375,907,5,approved,,[],活动很棒,2025-08-27 09:27:13
376,2000,6,approved,A,[],氛围不错,2025-06-19 09:27:13
377,1377,10,rejected,,[],氛围不错,2025-09-12 09:27:13
378,226,7,absent,C,[],,2025-07-31 09:27:13
379,622,9,approved,B,[],活动很棒,2025-08-06 09:27:13
380,1749,5,absent,,[683],氛围不错,2025-07-24 09:27:13
381,1782,10,applied,,[],氛围不错,2025-09-06 09:27:13
382,828,6,applied,B,[101],氛围不错,2025-06-26 09:27:13
383,1896,2,approved,B,"[1908, 1314]",氛围不错,2025-08-16 09:27:13
384,493,10,approved,,[1229],氛围不错,2025-08-29 09:27:13
385,1999,6,absent,B,"[1557, 586, 200]",氛围不错,2025-06-23 09:27:13
386,587,2,absent,A,"[1086, 1865]",,2025-09-09 09:27:13
387,112,8,checked_in,A,[1987],活动很棒,2025-07-08 09:27:13
388,1910,3,applied,A,[1214],,2025-08-31 09:27:13
389,341,1,applied,B,"[1600, 44]",,2025-07-17 09:27:13
390,1785,4,rejected,,[1470],氛围不错,2025-06-29 09:27:13
391,499,6,approved,A,"[708, 418, 439]",,2025-06-22 09:27:13
392,1265,6,checked_in,A,[142],,2025-09-02 09:27:13
393,1989,4,approved,,"[524, 1875, 966]",氛围不错,2025-07-19 09:27:13
394,317,6,checked_in,C,"[1876, 438]",组织有序,2025-07-11 09:27:13
395,44,10,approved,B,"[1234, 705, 706]",活动很棒,2025-07-14 09:27:13
396,248,7,rejected,C,"[164, 257, 1492]",活动很棒,2025-07-12 09:27:13
397,822,8,applied,C,"[105, 1233]",活动很棒,2025-07-30 09:27:13
398,1241,9,absent,C,"[59, 1129]",组织有序,2025-08-19 09:27:13
399,247,2,checked_in,B,[1663],活动很棒,2025-06-22 09:27:13
400,773,7,applied,A,"[718, 1206, 892]",组织有序,2025-08-17 09:27:13
401,1719,8,checked_in,B,[],组织有序,2025-06-22 09:27:13
402,177,10,checked_in,,"[1762, 396, 1174]",活动很棒,2025-07-29 09:27:13
403,1415,7,applied,,[],活动很棒,2025-08-05 09:27:13
404,1830,10,absent,B,[671],组织有序,2025-06-21 09:27:13
405,1005,3,applied,B,[],,2025-07-26 09:27:13
406,338,6,approved,A,[162],组织有序,2025-09-12 09:27:13
407,1755,6,rejected,C,"[776, 507]",活动很棒,2025-08-29 09:27:13
408,122,8,applied,,[],,2025-08-21 09:27:13
409,789,10,rejected,A,[],活动很棒,2025-09-01 09:27:13
410,268,4,applied,B,"[614, 916, 78]",活动很棒,2025-09-10 09:27:13
411,1704,4,applied,A,[958],,2025-08-07 09:27:13
412,927,3,absent,C,"[992, 1104, 545]",活动很棒,2025-07-04 09:27:13
413,765,6,checked_in,A,[232],组织有序,2025-08-09 09:27:13
414,1016,9,checked_in,B,"[963, 197]",活动很棒,2025-08-02 09:27:13
415,1937,7,checked_in,A,[1796],活动很棒,2025-07-23 09:27:13
416,1282,4,applied,A,[1466],氛围不错,2025-07-17 09:27:13
417,1512,10,approved,B,[],活动很棒,2025-09-12 09:27:13
418,434,3,approved,A,"[865, 1449, 720]",组织有序,2025-09-13 09:27:13
419,941,8,checked_in,,"[1850, 1949, 82]",组织有序,2025-07-18 09:27:13
420,1319,2,checked_in,,"[612, 818, 1705]",,2025-09-13 09:27:13
421,1859,4,applied,B,"[9, 299]",活动很棒,2025-08-28 09:27:13
422,1033,10,approved,A,"[1962, 1758]",组织有序,2025-08-07 09:27:13
423,104,4,approved,A,"[824, 382, 1554]",组织有序,2025-08-09 09:27:13
424,350,1,rejected,A,[],活动很棒,2025-08-25 09:27:13
425,1290,4,rejected,C,[804],组织有序,2025-08-04 09:27:13
426,1174,9,absent,,"[1077, 1503]",,2025-08-19 09:27:13
427,981,8,absent,A,[],氛围不错,2025-06-23 09:27:13
428,1171,6,checked_in,B,"[1872, 1482]",氛围不错,2025-07-18 09:27:13
429,625,1,approved,,[],氛围不错,2025-09-04 09:27:13
430,1889,8,rejected,B,[550],氛围不错,2025-09-10 09:27:13
431,1643,4,checked_in,,"[560, 1845, 1928]",,2025-09-11 09:27:13
432,1458,4,approved,,"[744, 649]",氛围不错,2025-06-23 09:27:13
433,933,6,rejected,,[1718],氛围不错,2025-06-21 09:27:13
434,1832,10,rejected,B,"[11, 1098]",组织有序,2025-07-12 09:27:13
435,452,7,rejected,,[],,2025-07-16 09:27:13
436,1439,8,absent,,[1208],活动很棒,2025-08-17 09:27:13
437,479,7,absent,C,[1888],,2025-07-27 09:27:13
438,155,5,absent,,[],氛围不错,2025-07-24 09:27:13
439,23,5,rejected,B,[1043],组织有序,2025-08-22 09:27:13
440,176,1,absent,C,"[811, 330, 523]",,2025-09-03 09:27:13
441,1858,9,applied,B,[71],组织有序,2025-08-30 09:27:13
442,767,5,checked_in,A,"[1407, 1629]",组织有序,2025-08-14 09:27:13
443,1343,1,rejected,A,"[134, 411]",组织有序,2025-06-27 09:27:13
444,1996,9,checked_in,,[46],组织有序,2025-08-01 09:27:13
445,1065,7,rejected,C,"[1740, 506]",组织有序,2025-08-09 09:27:13
446,1933,5,applied,C,"[457, 1299]",组织有序,2025-07-28 09:27:13
447,415,1,absent,A,"[352, 998]",组织有序,2025-08-23 09:27:13
448,1375,10,rejected,A,"[413, 1091, 1550]",氛围不错,2025-07-21 09:27:13
449,1308,2,checked_in,B,[1989],氛围不错,2025-08-06 09:27:13
450,1259,2,checked_in,,[967],,2025-08-10 09:27:13
451,1475,9,checked_in,,"[6, 1384, 566]",活动很棒,2025-08-31 09:27:13
452,129,7,checked_in,C,"[170, 673, 1696]",,2025-08-26 09:27:13
453,29,6,rejected,C,"[851, 173]",氛围不错,2025-07-11 09:27:13
454,385,9,applied,C,[689],组织有序,2025-08-10 09:27:13
455,543,9,rejected,B,"[954, 1041]",组织有序,2025-06-18 09:27:13
456,109,9,applied,B,[],活动很棒,2025-07-30 09:27:13
457,65,6,absent,C,"[814, 1125]",组织有序,2025-08-28 09:27:13
458,658,9,applied,,[673],活动很棒,2025-07-30 09:27:13
459,702,5,applied,,[],组织有序,2025-08-22 09:27:13
460,884,5,rejected,B,"[1950, 1854, 1387]",,2025-06-19 09:27:13
461,56,4,absent,C,"[996, 1133, 122]",,2025-07-01 09:27:13
462,1574,1,rejected,A,[1031],组织有序,2025-06-27 09:27:13
463,1371,5,rejected,A,"[1321, 1228]",活动很棒,2025-08-11 09:27:13
464,1839,5,rejected,B,[842],活动很棒,2025-08-18 09:27:13
465,1961,9,applied,C,"[1266, 1497, 616]",,2025-08-05 09:27:13
466,1178,1,applied,,[],活动很棒,2025-08-26 09:27:13
467,1849,1,rejected,B,[264],,2025-08-19 09:27:13
468,1260,7,rejected,C,"[565, 1829, 803]",,2025-07-16 09:27:13
469,1504,9,applied,B,[],活动很棒,2025-07-01 09:27:13
470,1506,4,checked_in,B,[753],,2025-07-20 09:27:13
471,1404,2,applied,,[],活动很棒,2025-06-24 09:27:13
472,1232,5,approved,C,[],氛围不错,2025-06-19 09:27:13
473,1823,3,checked_in,C,"[1689, 681]",氛围不错,2025-06-25 09:27:13
474,1332,8,rejected,B,"[94, 321]",,2025-06-18 09:27:13
475,460,1,approved,B,[1715],,2025-07-09 09:27:13
476,147,5,absent,C,"[1010, 1175, 422]",组织有序,2025-06-28 09:27:13
477,194,8,rejected,,[421],氛围不错,2025-06-18 09:27:13
478,1677,3,approved,B,"[450, 1681, 575]",组织有序,2025-06-29 09:27:13
479,50,7,checked_in,,"[1979, 1424]",,2025-07-15 09:27:13
480,1398,1,absent,C,"[1001, 936, 738]",组织有序,2025-08-22 09:27:13
481,419,5,checked_in,,"[1241, 733, 549]",氛围不错,2025-08-11 09:27:13
482,834,10,absent,A,[1288],活动很棒,2025-07-02 09:27:13
483,68,3,absent,C,"[1087, 403]",活动很棒,2025-06-29 09:27:13
484,98,3,applied,C,[],,2025-08-20 09:27:13
485,569,6,rejected,,[1202],,2025-09-11 09:27:13
486,778,8,approved,,"[1079, 1353, 1991]",活动很棒,2025-07-30 09:27:13
487,511,6,absent,,"[1589, 1046]",活动很棒,2025-07-18 09:27:13
488,313,9,rejected,A,[],,2025-06-16 09:27:13
489,1522,6,absent,B,[],组织有序,2025-06-17 09:27:13
490,1066,5,approved,,"[174, 1410, 11]",,2025-09-12 09:27:13
491,249,8,approved,,"[1087, 1886]",氛围不错,2025-07-22 09:27:13
492,925,7,approved,B,[197],,2025-08-05 09:27:13
493,1080,10,applied,C,[],组织有序,2025-08-04 09:27:13
494,297,4,applied,B,"[1415, 637]",氛围不错,2025-07-20 09:27:13
495,1817,8,checked_in,B,[],组织有序,2025-07-01 09:27:13
496,46,4,rejected,A,"[1564, 392, 1364]",组织有序,2025-07-20 09:27:13
497,694,5,applied,A,[1601],,2025-08-09 09:27:13
498,1079,1,absent,C,"[681, 1526, 447]",组织有序,2025-07-22 09:27:13
499,318,7,applied,A,"[391, 1272, 371]",活动很棒,2025-07-18 09:27:13
500,1926,6,checked_in,,[433],氛围不错,2025-06-23 09:27:13
501,968,4,absent,,[121],组织有序,2025-07-23 09:27:13
502,1557,10,checked_in,B,[],组织有序,2025-09-13 09:27:13
503,110,5,applied,,[],组织有序,2025-07-06 09:27:13
504,894,10,approved,B,"[1959, 789]",组织有序,2025-06-25 09:27:13
505,1741,8,checked_in,,[],氛围不错,2025-09-14 09:27:13
506,669,9,absent,,"[332, 1847]",组织有序,2025-09-13 09:27:13
507,1559,4,rejected,C,[],活动很棒,2025-08-06 09:27:13
508,872,8,checked_in,C,"[1730, 853, 1743]",组织有序,2025-07-25 09:27:13
509,1157,9,checked_in,A,[],氛围不错,2025-09-03 09:27:13
510,1099,6,absent,B,[429],氛围不错,2025-08-01 09:27:13
511,1761,3,approved,A,[1255],组织有序,2025-07-21 09:27:13
512,731,6,approved,,[1020],组织有序,2025-08-28 09:27:13
513,465,7,rejected,B,[],组织有序,2025-09-14 09:27:13
514,1277,1,absent,A,"[1911, 935, 788]",活动很棒,2025-08-05 09:27:13
515,1890,4,approved,,[],活动很棒,2025-07-23 09:27:13
516,1881,10,applied,C,[905],活动很棒,2025-08-23 09:27:13
517,1326,6,rejected,A,[664],活动很棒,2025-08-03 09:27:13
518,1348,2,approved,B,"[445, 1224]",活动很棒,2025-07-09 09:27:13
519,959,7,absent,A,"[605, 1562, 419]",组织有序,2025-07-05 09:27:13
520,276,8,approved,,[1467],,2025-08-19 09:27:13
521,1249,8,checked_in,B,[],,2025-08-07 09:27:13
522,754,7,rejected,B,"[909, 924, 2]",氛围不错,2025-07-23 09:27:13
523,1784,8,absent,,"[251, 1176, 1361]",组织有序,2025-08-10 09:27:13
524,346,5,applied,B,"[75, 203]",氛围不错,2025-09-12 09:27:13
525,990,1,absent,,[1117],氛围不错,2025-07-05 09:27:13
526,917,10,checked_in,B,"[1129, 1106, 1599]",,2025-07-19 09:27:13
527,257,1,approved,A,[1037],氛围不错,2025-08-09 09:27:13
528,677,1,approved,A,[460],氛围不错,2025-07-08 09:27:13
529,945,5,approved,B,[361],组织有序,2025-06-21 09:27:13
530,1119,3,approved,A,[1169],组织有序,2025-08-22 09:27:13
531,950,2,applied,C,"[878, 531]",,2025-06-17 09:27:13
532,1455,3,absent,A,[],,2025-07-02 09:27:13
533,1806,10,applied,,[],氛围不错,2025-09-08 09:27:13
534,889,5,absent,B,[],组织有序,2025-07-05 09:27:13
535,15,5,checked_in,,"[219, 660, 124]",组织有序,2025-08-09 09:27:13
536,1624,1,absent,B,[],,2025-08-27 09:27:13
537,1591,6,absent,B,[1507],组织有序,2025-07-02 09:27:13
538,1863,9,applied,,[1133],,2025-07-14 09:27:13
539,1395,2,absent,B,"[989, 1786, 1573]",组织有序,2025-07-17 09:27:13
540,763,10,applied,B,"[986, 493]",活动很棒,2025-07-03 09:27:13
541,1337,9,approved,,[],组织有序,2025-08-22 09:27:13
542,412,6,applied,C,"[213, 530, 269]",氛围不错,2025-08-22 09:27:13
543,1001,6,rejected,C,[],,2025-06-29 09:27:13
544,859,5,absent,A,[],活动很棒,2025-08-22 09:27:13
545,1457,9,checked_in,C,[],组织有序,2025-08-12 09:27:13
546,1694,10,checked_in,,[],氛围不错,2025-08-31 09:27:13
547,1056,8,approved,C,[1192],组织有序,2025-06-23 09:27:13
548,1642,8,approved,B,[1860],活动很棒,2025-09-07 09:27:13
549,760,6,applied,A,"[952, 119]",组织有序,2025-08-15 09:27:13
550,1198,3,applied,B,[1089],活动很棒,2025-08-06 09:27:13
551,1655,8,rejected,,[],活动很棒,2025-09-06 09:27:13
552,665,10,checked_in,A,[1095],活动很棒,2025-07-31 09:27:13
553,1913,7,approved,A,"[562, 557, 1025]",组织有序,2025-07-23 09:27:13
554,1957,3,approved,,"[1283, 371, 1986]",,2025-08-26 09:27:13
555,1351,10,absent,A,[],组织有序,2025-06-21 09:27:13
556,1552,6,checked_in,A,"[679, 1965, 50]",活动很棒,2025-07-01 09:27:13
557,103,2,applied,B,"[1277, 353]",组织有序,2025-08-09 09:27:13
558,1773,8,checked_in,B,"[10, 1468, 745]",组织有序,2025-08-14 09:27:13
559,331,8,rejected,B,"[1619, 1638]",组织有序,2025-08-29 09:27:13
560,912,1,rejected,,[],氛围不错,2025-08-13 09:27:13
561,223,10,absent,,"[609, 521]",活动很棒,2025-08-11 09:27:13
562,244,8,applied,B,[],,2025-08-31 09:27:13
563,1833,8,checked_in,,"[178, 117, 259]",组织有序,2025-08-07 09:27:13
564,118,7,absent,B,"[1074, 160]",活动很棒,2025-08-12 09:27:13
565,1050,10,applied,,"[1079, 1419, 28]",组织有序,2025-08-28 09:27:13
566,374,5,rejected,,[],氛围不错,2025-07-13 09:27:13
567,1222,8,approved,C,"[204, 782, 1907]",,2025-07-20 09:27:13
568,1401,2,applied,,[],,2025-09-13 09:27:13
569,549,2,approved,C,"[809, 648]",,2025-07-17 09:27:13
570,207,9,absent,A,"[575, 441]",,2025-09-04 09:27:13
571,1502,10,absent,,[1573],活动很棒,2025-07-19 09:27:13
572,1418,6,applied,A,[1199],活动很棒,2025-08-23 09:27:13
573,1243,1,checked_in,C,[],,2025-09-13 09:27:13
574,781,4,applied,A,[],活动很棒,2025-09-01 09:27:13
575,913,6,absent,B,[310],,2025-08-17 09:27:13
576,1588,10,applied,B,"[741, 342]",组织有序,2025-08-21 09:27:13
577,161,9,absent,C,[919],活动很棒,2025-08-05 09:27:13
578,846,7,checked_in,B,[],,2025-07-03 09:27:13
579,1466,2,rejected,,[],,2025-07-15 09:27:13
580,7,9,checked_in,,"[1912, 1416]",氛围不错,2025-08-26 09:27:13
581,365,8,rejected,C,[911],,2025-07-14 09:27:13
582,1640,8,approved,,[1811],活动很棒,2025-07-03 09:27:13
583,1847,10,checked_in,A,[],活动很棒,2025-06-25 09:27:13
584,1565,8,rejected,B,[],氛围不错,2025-08-20 09:27:13
585,1226,8,rejected,B,[1729],氛围不错,2025-07-28 09:27:13
586,554,5,applied,C,"[1526, 546]",活动很棒,2025-08-08 09:27:13
587,1449,5,absent,B,[1943],组织有序,2025-09-07 09:27:13
588,601,1,rejected,C,"[1628, 1306]",,2025-06-23 09:27:13
589,1491,5,approved,C,[],,2025-09-14 09:27:13
590,1563,4,applied,C,"[1140, 1399]",组织有序,2025-09-13 09:27:13
591,650,1,rejected,C,"[1636, 232, 1613]",活动很棒,2025-06-26 09:27:13
592,425,10,absent,,[],组织有序,2025-06-17 09:27:13
593,1943,7,applied,A,"[943, 1122, 470]",氛围不错,2025-07-18 09:27:13
594,905,6,absent,B,"[254, 1207, 1649]",活动很棒,2025-09-09 09:27:13
595,1318,6,rejected,,[1569],,2025-08-12 09:27:13
596,170,9,absent,A,"[654, 736, 1538]",活动很棒,2025-08-31 09:27:13
597,1262,7,absent,,"[1442, 703, 1209]",活动很棒,2025-07-21 09:27:13
598,396,3,absent,A,"[336, 793, 1190]",,2025-08-27 09:27:13
599,132,9,applied,,"[1260, 1335]",氛围不错,2025-07-19 09:27:13
600,1593,7,absent,A,"[602, 1401, 212]",活动很棒,2025-06-26 09:27:13
