checkin_id,order_id,verified_by,checkin_time
1,2,700346,2025-02-24 19:17:12
2,6,700490,2025-06-11 00:39:41
3,8,700009,2024-10-12 01:24:31
4,12,700077,2025-10-06 10:46:52
5,18,700443,2025-05-05 12:01:48
6,23,700079,2025-01-26 10:53:15
7,27,700428,2024-11-09 19:25:13
8,30,700036,2025-09-24 06:47:02
9,33,700014,2024-11-01 15:21:56
10,42,700144,2025-06-11 20:35:08
11,44,700277,2024-11-18 02:15:59
12,45,700183,2025-03-17 07:10:58
13,54,700145,2025-02-07 12:24:48
14,55,700323,2025-02-07 19:53:48
15,59,700461,2025-03-29 09:37:33
16,62,700466,2025-06-30 01:25:54
17,63,700443,2025-03-06 05:24:07
18,65,700317,2025-06-29 13:36:48
19,71,700498,2025-02-04 03:25:21
20,78,700353,2024-11-04 11:24:09
21,79,700160,2025-08-26 14:30:27
22,84,700448,2025-08-20 01:42:40
23,85,700263,2025-03-08 18:20:26
24,90,700462,2025-08-30 23:27:49
25,92,700315,2025-09-05 00:50:55
26,99,700003,2025-02-06 00:07:55
27,105,700377,2025-01-05 23:28:26
28,110,700080,2025-09-17 13:25:59
29,119,700176,2025-03-08 23:31:39
30,130,700426,2025-05-27 08:36:06
31,138,700229,2025-08-29 04:42:26
32,142,700177,2025-07-29 05:30:28
33,143,700311,2025-08-20 00:40:44
34,144,700061,2025-02-22 12:30:12
35,152,700347,2025-09-18 09:23:07
36,153,700014,2025-07-21 13:44:51
37,154,700399,2025-06-06 06:35:01
38,155,700224,2024-12-29 11:06:24
39,159,700390,2025-04-07 03:19:27
40,163,700031,2024-11-04 08:51:27
41,174,700371,2025-07-18 01:21:59
42,176,700193,2024-11-03 02:11:39
43,178,700035,2025-03-29 06:48:43
44,183,700390,2025-09-09 13:49:50
45,185,700241,2025-09-09 09:40:41
46,187,700362,2025-01-25 03:33:18
47,193,700007,2025-05-28 21:07:25
48,198,700457,2025-07-08 18:55:04
49,203,700285,2025-05-02 04:32:59
50,215,700336,2024-11-01 12:57:50
51,219,700455,2025-01-06 10:35:39
52,224,700288,2025-02-21 20:48:18
53,229,700418,2025-05-12 11:18:06
54,230,700010,2024-12-31 06:56:13
55,235,700047,2024-11-04 00:28:12
56,240,700478,2025-03-28 15:49:27
57,241,700134,2024-11-04 19:14:28
58,242,700155,2024-12-25 22:10:00
59,248,700346,2025-05-09 12:09:31
60,253,700040,2025-05-24 07:30:52
61,254,700159,2025-04-13 04:24:19
62,256,700278,2025-04-22 03:57:54
63,257,700141,2025-03-28 10:34:23
64,263,700064,2024-11-03 06:30:10
65,269,700315,2025-03-30 09:32:33
66,273,700322,2025-08-23 04:43:27
67,274,700003,2025-02-04 08:28:36
68,278,700283,2025-07-05 09:39:21
69,281,700468,2024-11-07 04:08:45
70,284,700203,2025-09-27 07:44:29
71,285,700298,2025-10-08 18:46:59
72,289,700202,2024-10-19 11:59:49
73,290,700312,2025-03-15 04:32:29
74,292,700453,2025-06-28 01:58:59
75,297,700353,2025-03-22 22:38:29
76,299,700213,2025-05-14 00:59:59
77,300,700009,2024-11-02 16:18:13
78,314,700269,2025-02-28 14:25:44
79,318,700305,2025-01-23 01:54:39
80,321,700404,2024-12-01 21:01:50
81,330,700222,2025-01-16 16:44:08
82,332,700237,2025-06-13 22:44:27
83,335,700338,2024-11-11 12:26:19
84,336,700485,2025-01-08 19:48:33
85,338,700344,2025-03-19 02:42:56
86,340,700082,2024-12-24 08:41:51
87,343,700365,2025-07-20 21:48:19
88,344,700483,2025-07-29 01:22:28
89,349,700434,2025-07-15 14:12:25
90,354,700050,2025-03-22 06:30:25
91,356,700200,2025-09-27 10:00:33
92,368,700118,2024-12-13 06:32:00
93,369,700231,2024-11-23 02:08:07
94,373,700135,2025-08-20 22:07:51
95,378,700414,2025-02-17 05:11:29
96,383,700485,2025-03-23 15:25:12
97,387,700498,2025-03-02 15:52:38
98,388,700021,2024-11-20 03:59:57
99,392,700370,2025-02-19 22:07:04
100,395,700106,2024-10-15 15:51:11
101,403,700189,2025-01-08 02:49:32
102,406,700476,2025-09-28 19:32:56
103,408,700408,2024-10-24 07:22:45
104,409,700167,2025-03-23 14:38:46
105,410,700047,2025-01-13 17:10:38
106,415,700121,2025-01-16 12:58:47
107,417,700494,2024-12-31 09:15:33
108,418,700426,2024-11-25 16:19:48
109,421,700483,2025-05-25 16:33:34
110,431,700299,2024-12-10 07:16:36
111,446,700037,2025-06-20 20:15:45
112,447,700438,2025-01-18 18:22:53
113,451,700364,2024-12-31 15:05:47
114,454,700152,2025-02-11 08:33:41
115,455,700302,2025-05-09 15:09:34
116,467,700336,2025-08-08 17:37:30
117,470,700193,2025-01-28 21:56:22
118,477,700155,2025-05-25 13:16:26
119,478,700003,2025-04-12 17:41:48
120,485,700063,2025-03-16 00:26:41
121,486,700291,2025-08-09 04:00:15
122,498,700193,2025-03-01 22:05:42
123,504,700361,2025-09-29 09:40:14
124,507,700440,2025-03-23 20:03:28
125,509,700360,2025-09-23 06:44:33
126,510,700496,2025-04-20 08:29:41
127,511,700500,2025-07-27 17:29:31
128,517,700014,2025-02-16 19:01:49
129,518,700422,2025-07-02 00:10:51
130,519,700414,2025-04-19 09:53:51
131,528,700284,2025-06-23 15:12:20
132,529,700134,2025-06-17 16:27:43
133,534,700262,2024-11-29 00:03:52
134,535,700412,2025-06-03 10:01:11
135,544,700355,2025-10-01 06:16:56
136,546,700052,2024-10-21 04:54:59
137,552,700375,2025-04-04 02:53:03
138,558,700245,2024-11-20 00:26:17
139,562,700437,2025-09-12 11:08:34
140,563,700097,2024-12-10 11:51:03
141,565,700086,2025-09-18 18:38:04
142,568,700253,2025-06-08 10:24:25
143,573,700493,2025-09-29 06:31:02
144,574,700025,2025-07-18 04:02:14
145,589,700391,2025-02-01 15:03:13
146,595,700297,2025-04-20 20:11:29
147,599,700219,2025-07-20 06:41:39
148,607,700334,2025-08-17 16:36:24
149,610,700129,2025-09-17 14:35:54
150,612,700196,2025-08-11 09:47:11
151,613,700345,2024-11-16 07:07:08
152,623,700484,2025-05-20 09:52:27
153,624,700216,2025-04-25 20:13:50
154,632,700445,2025-08-26 19:39:14
155,633,700058,2024-11-29 00:37:22
156,636,700114,2025-01-05 07:33:54
157,637,700286,2025-01-24 12:38:31
158,638,700196,2025-07-18 20:04:49
159,639,700464,2024-10-27 16:00:42
160,648,700397,2025-05-15 22:13:57
161,651,700281,2025-05-21 23:39:40
162,653,700154,2024-10-17 19:56:45
163,656,700035,2024-10-22 04:32:52
164,659,700075,2025-02-25 19:37:58
165,661,700123,2024-10-23 20:12:42
166,679,700238,2025-07-14 02:21:16
167,701,700287,2025-07-10 03:20:00
168,706,700441,2025-06-01 07:58:17
169,713,700067,2025-06-03 00:38:53
170,714,700204,2025-02-13 16:22:36
171,716,700222,2025-08-27 22:32:59
172,722,700154,2025-03-17 20:36:57
173,730,700020,2025-09-16 23:05:14
174,731,700073,2024-12-15 02:56:00
175,735,700012,2024-11-18 19:04:24
176,736,700058,2025-06-12 14:23:25
177,740,700431,2025-02-06 14:54:10
178,744,700373,2025-02-05 16:23:54
179,746,700247,2025-03-16 05:56:24
180,747,700275,2025-01-30 04:00:24
181,750,700122,2025-05-21 17:01:27
182,752,700039,2025-03-24 10:09:06
183,759,700324,2024-11-27 04:24:23
184,763,700214,2024-11-01 07:08:05
185,769,700063,2025-03-12 14:31:21
186,776,700061,2025-06-16 21:00:11
187,777,700148,2025-03-09 18:34:37
188,778,700213,2025-08-12 02:38:44
189,781,700039,2025-03-24 20:59:18
190,786,700034,2025-06-17 02:35:18
191,790,700398,2025-09-21 17:57:19
192,799,700110,2025-06-28 04:09:43
193,800,700107,2025-10-09 10:43:13
194,803,700372,2025-04-06 21:05:28
195,805,700007,2024-11-25 19:06:35
196,806,700356,2025-08-14 16:16:11
197,811,700174,2025-05-05 22:14:12
198,820,700142,2025-02-01 04:26:07
199,824,700260,2025-01-18 08:43:27
200,831,700345,2025-05-03 13:45:41
201,836,700401,2024-11-13 19:24:51
202,842,700168,2025-02-05 19:41:55
203,846,700426,2024-11-30 21:19:21
204,847,700283,2025-08-09 09:00:14
205,851,700008,2025-08-29 01:14:23
206,863,700398,2025-04-13 05:21:58
207,865,700364,2025-06-09 02:42:14
208,888,700333,2024-11-03 19:05:12
209,889,700156,2024-12-20 09:44:35
210,890,700159,2025-05-21 03:35:47
211,892,700197,2025-09-24 17:12:47
212,893,700125,2024-12-31 22:26:32
213,899,700488,2025-08-23 21:48:53
214,902,700443,2025-06-22 07:41:00
215,905,700136,2025-02-16 02:18:24
216,908,700291,2025-09-26 13:46:34
217,909,700348,2025-04-14 08:31:47
218,910,700010,2025-09-18 17:09:32
219,914,700079,2025-08-15 14:37:30
220,915,700167,2024-10-30 03:21:14
221,918,700362,2025-08-29 03:05:31
222,921,700210,2025-04-15 14:26:29
223,934,700499,2025-08-28 00:15:32
224,935,700220,2025-01-02 05:26:04
225,937,700014,2025-01-06 16:52:14
226,941,700260,2025-03-24 00:29:50
227,946,700400,2025-04-10 14:16:44
228,953,700484,2025-07-18 01:23:35
229,954,700001,2025-08-12 11:23:23
230,958,700377,2025-01-17 12:11:03
231,968,700497,2025-09-03 19:15:28
232,970,700032,2025-10-03 23:16:19
233,973,700107,2024-12-10 12:20:22
234,974,700101,2025-06-28 22:59:37
235,977,700178,2025-08-12 11:03:40
236,978,700180,2025-08-13 23:02:58
237,984,700395,2025-09-13 22:59:01
238,987,700028,2024-11-12 02:13:33
239,990,700085,2024-12-31 11:03:10
240,992,700480,2025-08-23 01:42:51
241,995,700329,2024-10-21 00:30:23
242,998,700413,2025-07-19 01:11:16
243,999,700340,2025-10-06 21:12:13
244,1002,700021,2025-02-06 06:50:14
245,1003,700433,2025-09-11 22:42:58
246,1005,700277,2025-03-10 07:03:56
247,1006,700480,2025-06-23 06:11:01
248,1008,700460,2025-01-15 18:30:24
249,1011,700140,2025-09-11 21:15:07
250,1013,700178,2025-04-27 22:48:30
251,1015,700156,2025-09-26 04:05:05
252,1020,700134,2024-10-23 02:07:56
253,1026,700065,2025-02-15 10:03:47
254,1033,700149,2025-04-17 01:38:04
255,1034,700406,2024-10-25 03:37:59
256,1043,700080,2025-04-29 00:12:52
257,1047,700251,2024-12-17 04:56:10
258,1050,700055,2025-09-23 07:36:50
259,1061,700117,2025-04-24 02:13:41
260,1071,700016,2024-12-17 10:07:01
261,1073,700248,2025-02-04 12:29:24
262,1076,700023,2025-08-07 18:59:33
263,1082,700291,2025-06-25 01:43:56
264,1083,700232,2025-09-19 04:54:41
265,1084,700320,2025-06-22 08:06:02
266,1086,700002,2025-08-29 15:10:09
267,1092,700174,2025-10-04 11:29:21
268,1096,700098,2025-03-05 13:31:04
269,1099,700431,2025-08-12 22:09:50
270,1112,700033,2025-03-25 00:28:55
271,1113,700478,2025-09-12 11:18:48
272,1114,700099,2024-12-28 07:28:22
273,1117,700308,2025-01-23 05:22:56
274,1118,700418,2024-12-05 02:59:13
275,1122,700107,2025-09-14 23:30:29
276,1128,700457,2025-08-19 10:23:12
277,1131,700437,2025-06-07 05:52:57
278,1138,700308,2025-08-31 16:58:47
279,1147,700468,2025-03-13 10:48:03
280,1157,700009,2024-12-22 13:00:37
281,1160,700290,2025-05-26 20:24:49
282,1165,700068,2025-04-21 15:56:12
283,1166,700189,2025-04-13 12:44:49
284,1185,700496,2025-10-04 21:00:57
285,1188,700215,2025-04-02 09:37:13
286,1189,700231,2025-01-16 06:21:22
287,1193,700167,2025-04-15 12:13:14
288,1194,700356,2025-02-25 06:01:45
289,1198,700403,2025-01-28 00:25:14
290,1199,700179,2024-10-13 13:20:19
291,1207,700375,2025-02-14 22:13:36
292,1208,700061,2025-06-08 14:57:59
293,1213,700027,2025-05-24 20:26:04
294,1214,700005,2025-06-20 11:07:33
295,1218,700318,2025-08-11 04:41:48
296,1220,700449,2024-11-14 15:12:16
297,1224,700136,2025-03-30 04:15:24
298,1227,700222,2024-12-18 11:48:45
299,1229,700290,2024-12-10 02:15:16
300,1237,700367,2025-06-04 01:52:38
301,1251,700219,2025-08-19 10:59:10
302,1253,700340,2025-05-19 10:27:38
303,1254,700177,2025-09-04 21:51:55
304,1257,700399,2025-09-03 00:28:17
305,1263,700155,2025-05-18 11:01:27
306,1270,700302,2025-06-25 17:53:59
307,1272,700303,2025-08-18 02:14:30
308,1277,700382,2024-12-30 04:33:21
309,1283,700452,2024-12-01 01:34:57
310,1284,700236,2024-12-17 19:28:10
311,1287,700056,2025-06-30 07:20:11
312,1290,700035,2024-12-28 03:44:56
313,1291,700198,2025-01-27 13:57:12
314,1300,700404,2025-04-23 11:57:39
315,1305,700479,2025-05-16 19:45:18
316,1307,700033,2024-12-20 16:39:25
317,1313,700014,2024-11-20 03:44:15
318,1324,700178,2024-11-17 09:02:35
319,1326,700249,2025-06-18 09:21:09
320,1327,700178,2024-11-07 03:43:41
321,1334,700062,2025-05-24 05:29:02
322,1340,700336,2024-12-07 05:03:08
323,1342,700296,2025-03-20 02:46:01
324,1343,700213,2024-10-10 06:07:08
325,1356,700304,2025-02-04 02:29:38
326,1363,700120,2024-10-08 17:54:19
327,1366,700043,2025-04-09 06:04:52
328,1367,700021,2025-02-20 12:20:57
329,1369,700395,2024-12-17 11:16:49
330,1374,700202,2025-02-13 14:13:07
331,1377,700107,2025-01-22 09:31:25
332,1382,700312,2024-11-09 19:40:53
333,1384,700085,2025-07-26 03:14:48
334,1385,700486,2025-07-14 21:16:12
335,1387,700027,2025-03-03 23:22:56
336,1396,700447,2025-07-11 14:21:16
337,1399,700269,2024-11-02 02:17:17
338,1403,700467,2024-11-08 12:16:45
339,1405,700191,2025-03-05 22:23:28
340,1413,700498,2025-06-07 04:32:40
341,1414,700157,2025-07-14 23:57:58
342,1421,700311,2025-09-11 20:51:39
343,1431,700448,2025-09-15 16:33:25
344,1434,700355,2025-02-17 21:40:35
345,1436,700009,2025-01-24 11:43:17
346,1444,700466,2025-08-11 16:34:58
347,1445,700436,2025-01-23 00:45:06
348,1454,700481,2025-02-12 19:21:52
349,1456,700393,2025-04-20 01:01:38
350,1463,700318,2025-07-30 10:41:28
351,1470,700284,2025-09-28 11:31:55
352,1474,700426,2024-11-17 11:53:21
353,1479,700264,2025-06-08 16:38:34
354,1506,700347,2025-04-28 07:09:46
355,1511,700302,2024-11-26 08:39:14
356,1512,700265,2025-02-27 22:28:47
357,1517,700133,2025-03-30 15:26:47
358,1520,700343,2025-04-25 18:21:10
359,1525,700151,2025-07-07 22:59:34
360,1531,700100,2024-11-26 01:55:04
361,1534,700113,2025-03-15 18:05:19
362,1537,700001,2025-04-21 06:10:24
363,1545,700460,2025-02-23 13:38:46
364,1548,700138,2025-01-15 17:15:48
365,1555,700410,2025-02-22 02:27:54
366,1556,700315,2025-06-17 14:23:15
367,1558,700358,2025-07-05 20:38:19
368,1562,700354,2025-03-04 23:01:18
369,1564,700437,2025-07-11 00:35:07
370,1569,700114,2025-09-20 07:44:57
371,1571,700075,2025-05-27 01:57:57
372,1577,700158,2024-10-16 03:57:51
373,1583,700210,2025-10-01 00:30:50
374,1584,700037,2025-01-27 02:14:02
375,1588,700303,2025-09-22 21:23:52
376,1589,700170,2025-02-03 16:59:47
377,1592,700145,2025-10-07 02:30:17
378,1593,700351,2024-12-16 01:41:35
379,1599,700042,2024-11-04 08:40:51
380,1604,700097,2025-08-02 09:54:58
381,1606,700248,2025-09-03 12:52:59
382,1612,700326,2025-07-20 03:40:49
383,1614,700177,2025-02-18 04:07:58
384,1624,700036,2025-06-09 17:51:15
385,1636,700262,2025-05-04 23:00:53
386,1642,700486,2025-10-01 09:57:11
387,1662,700382,2024-12-04 05:17:00
388,1664,700447,2025-05-30 16:39:47
389,1665,700197,2024-12-19 14:32:02
390,1678,700394,2025-09-10 08:56:38
391,1679,700299,2025-07-01 22:09:34
392,1684,700404,2025-02-23 06:11:39
393,1685,700469,2025-08-28 11:26:27
394,1689,700192,2025-09-04 17:25:38
395,1695,700352,2025-02-23 23:33:27
396,1700,700465,2025-04-10 12:47:39
397,1706,700057,2025-06-14 02:42:25
398,1711,700017,2024-10-22 01:53:31
399,1712,700239,2025-08-15 12:30:16
400,1713,700221,2025-08-27 20:28:12
401,1721,700315,2025-04-19 02:36:15
402,1723,700208,2025-03-08 12:34:04
403,1724,700159,2025-06-06 16:47:16
404,1729,700354,2024-12-07 09:07:06
405,1731,700297,2025-03-12 14:20:14
406,1732,700117,2024-12-28 06:47:23
407,1738,700154,2024-10-12 06:59:25
408,1741,700304,2024-10-19 12:30:38
409,1742,700290,2025-07-30 22:31:05
410,1750,700305,2025-05-25 16:31:03
411,1751,700260,2025-02-15 14:54:34
412,1753,700053,2025-05-01 11:47:13
413,1778,700435,2025-04-09 11:31:05
414,1779,700051,2025-02-16 01:42:29
415,1787,700031,2025-07-28 02:57:52
416,1788,700022,2025-07-06 13:21:08
417,1803,700126,2025-08-16 15:21:07
418,1808,700179,2024-11-08 14:31:19
419,1810,700425,2025-05-07 11:02:13
420,1811,700195,2024-12-30 17:12:31
421,1813,700311,2025-08-02 16:46:25
422,1815,700428,2024-12-25 16:48:17
423,1818,700122,2025-05-18 13:03:10
424,1819,700135,2024-10-23 03:32:10
425,1820,700279,2025-09-04 10:41:52
426,1823,700229,2025-09-09 08:11:05
427,1824,700034,2025-07-10 03:45:18
428,1825,700390,2025-01-16 00:50:37
429,1830,700052,2025-06-26 02:59:28
430,1831,700310,2025-10-08 17:45:55
431,1834,700400,2025-04-18 13:16:25
432,1840,700047,2025-08-27 02:40:44
433,1852,700257,2025-01-21 01:31:02
434,1857,700245,2025-07-26 06:06:11
435,1861,700162,2025-06-16 11:14:42
436,1865,700157,2025-03-26 04:53:44
437,1869,700412,2025-10-03 01:31:56
438,1870,700239,2025-07-14 15:50:17
439,1872,700106,2024-12-16 20:36:37
440,1879,700156,2025-07-21 03:24:16
441,1882,700221,2025-05-14 23:52:54
442,1883,700273,2025-04-13 09:37:59
443,1894,700140,2025-02-15 23:23:24
444,1902,700430,2024-10-25 17:34:25
445,1905,700067,2025-02-28 05:35:22
446,1908,700447,2025-08-12 09:52:35
447,1910,700353,2025-04-22 08:30:27
448,1911,700450,2024-10-16 01:31:03
449,1912,700372,2025-07-15 00:26:24
450,1917,700265,2025-09-14 04:42:10
451,1918,700436,2025-10-07 22:46:07
452,1919,700193,2025-08-19 13:18:39
453,1921,700204,2025-09-23 07:04:56
454,1924,700188,2025-05-30 07:32:00
455,1930,700095,2025-06-27 00:38:24
456,1938,700340,2024-10-21 10:16:18
457,1939,700304,2025-06-20 00:21:39
458,1943,700042,2025-06-23 06:50:47
459,1947,700319,2025-01-17 17:38:37
460,1949,700117,2025-06-16 23:49:58
461,1953,700418,2025-08-12 00:58:47
462,1955,700155,2025-06-18 01:54:16
463,1958,700498,2025-01-11 03:11:10
464,1960,700217,2024-11-28 15:47:49
465,1967,700426,2025-07-23 00:55:18
466,1968,700054,2025-01-14 00:36:45
467,1981,700325,2025-06-07 16:01:39
468,1985,700045,2025-07-03 04:42:34
469,1987,700199,2025-04-15 12:09:43
470,1994,700245,2025-02-22 11:44:13
471,2001,700320,2025-10-05 16:02:33
472,2007,700197,2025-09-06 05:01:32
473,2011,700190,2025-07-22 06:03:51
474,2016,700117,2025-09-18 21:36:30
475,2017,700161,2024-12-12 23:17:50
476,2019,700419,2025-09-20 01:18:31
477,2021,700047,2025-09-12 19:54:17
478,2024,700385,2025-04-07 02:25:01
479,2027,700132,2025-09-18 22:54:11
480,2030,700008,2025-09-04 00:57:03
481,2031,700202,2024-10-18 00:11:29
482,2032,700180,2025-06-07 09:50:33
483,2039,700260,2025-10-05 20:51:52
484,2053,700359,2025-09-18 20:09:57
485,2062,700255,2025-07-13 02:26:44
486,2064,700359,2025-05-27 02:30:58
487,2066,700092,2025-05-10 16:54:33
488,2071,700348,2025-09-03 07:15:08
489,2074,700428,2025-02-12 13:55:23
490,2081,700417,2025-09-01 03:48:44
491,2087,700354,2025-01-02 07:43:17
492,2091,700326,2025-01-20 08:41:27
493,2095,700294,2024-11-16 08:17:31
494,2096,700118,2025-07-06 19:06:44
495,2107,700225,2025-02-14 18:08:58
496,2108,700460,2024-12-11 06:31:43
497,2111,700174,2025-08-09 01:25:35
498,2117,700308,2025-07-29 01:56:39
499,2123,700256,2025-05-12 02:38:00
500,2127,700246,2024-12-23 19:50:58
501,2131,700376,2024-11-10 22:49:14
502,2132,700348,2024-11-08 09:42:59
503,2141,700186,2025-03-08 22:36:10
504,2147,700046,2025-06-27 04:30:23
505,2148,700426,2025-03-07 15:03:21
506,2151,700091,2025-05-15 11:51:27
507,2152,700210,2025-07-17 20:15:30
508,2156,700231,2025-02-27 15:12:30
509,2162,700262,2025-07-28 16:15:35
510,2168,700475,2025-02-05 23:02:16
511,2170,700377,2025-07-29 00:50:56
512,2174,700289,2025-04-06 13:36:56
513,2186,700449,2024-12-11 10:19:24
514,2187,700165,2025-03-16 11:30:29
515,2189,700241,2025-04-23 23:24:32
516,2191,700398,2025-05-02 13:06:12
517,2193,700371,2025-09-01 12:41:12
518,2196,700088,2024-11-23 08:08:29
519,2201,700224,2025-07-23 13:37:13
520,2202,700316,2024-10-13 00:01:46
521,2204,700249,2024-12-22 16:39:32
522,2205,700261,2024-11-24 17:05:43
523,2207,700313,2025-03-31 05:39:27
524,2210,700457,2025-01-29 04:13:47
525,2212,700261,2024-10-18 12:56:18
526,2216,700343,2025-02-26 03:00:56
527,2220,700481,2025-02-06 01:22:06
528,2221,700229,2025-04-28 03:36:12
529,2225,700323,2025-06-01 23:51:25
530,2227,700191,2024-11-20 02:11:33
531,2228,700351,2024-11-08 17:12:59
532,2230,700186,2025-02-19 07:21:33
533,2235,700004,2025-08-14 18:27:14
534,2237,700112,2025-09-22 18:27:50
535,2251,700491,2024-12-31 05:57:46
536,2253,700154,2024-12-05 21:15:41
537,2256,700034,2024-11-13 03:37:54
538,2262,700269,2025-02-20 16:17:23
539,2269,700246,2025-01-30 05:59:47
540,2273,700211,2025-07-25 12:53:08
541,2275,700243,2025-01-30 18:37:57
542,2283,700192,2025-08-15 05:54:34
543,2285,700386,2025-03-04 11:11:42
544,2287,700198,2024-10-29 13:36:27
545,2289,700415,2025-01-28 08:10:48
546,2292,700488,2025-07-27 15:59:08
547,2308,700333,2025-05-28 12:35:50
548,2313,700016,2025-09-08 02:09:05
549,2315,700473,2025-04-04 19:24:13
550,2316,700272,2025-03-25 03:10:30
551,2318,700146,2025-08-05 19:29:32
552,2319,700282,2025-06-21 20:38:26
553,2323,700233,2025-01-16 03:46:09
554,2324,700354,2025-08-09 16:41:37
555,2326,700337,2024-12-01 09:48:42
556,2328,700029,2024-12-09 07:25:15
557,2330,700179,2025-02-13 23:17:27
558,2333,700308,2025-05-13 08:56:17
559,2335,700080,2025-02-22 17:16:05
560,2338,700112,2025-09-03 21:37:48
561,2340,700354,2025-01-28 08:28:35
562,2344,700425,2025-04-13 11:45:30
563,2349,700214,2025-06-04 01:45:04
564,2358,700134,2025-03-10 15:34:13
565,2361,700348,2025-02-28 08:21:54
566,2362,700084,2025-06-07 06:57:58
567,2369,700231,2025-08-24 04:49:28
568,2382,700216,2025-07-27 10:29:53
569,2388,700482,2025-01-08 11:40:19
570,2389,700280,2025-08-21 03:47:13
571,2392,700151,2024-10-15 01:10:39
572,2398,700166,2025-01-01 13:12:55
573,2406,700154,2025-06-13 22:09:57
574,2409,700140,2024-11-11 08:01:42
575,2412,700162,2025-03-28 19:00:26
576,2414,700073,2025-06-17 03:51:51
577,2415,700080,2024-12-03 15:10:44
578,2416,700129,2024-10-19 17:27:13
579,2417,700211,2025-09-15 20:07:05
580,2429,700095,2024-11-01 22:27:36
581,2431,700213,2025-08-15 20:23:09
582,2439,700160,2025-03-11 18:59:58
583,2443,700063,2024-12-23 10:11:18
584,2444,700048,2025-01-29 11:36:05
585,2445,700332,2025-08-22 10:03:56
586,2448,700454,2024-11-08 12:00:08
587,2456,700022,2025-06-09 23:36:27
588,2463,700091,2025-09-16 12:41:59
589,2464,700106,2025-04-29 09:36:56
590,2466,700008,2025-02-01 10:22:52
591,2469,700426,2024-11-02 06:08:00
592,2470,700068,2024-11-07 16:07:27
593,2477,700392,2025-07-26 15:43:49
594,2480,700156,2025-05-22 17:13:21
595,2482,700204,2025-05-06 18:20:56
596,2490,700267,2025-07-05 07:16:20
597,2493,700385,2025-01-19 11:21:33
598,2494,700217,2025-07-29 07:08:40
599,2498,700001,2024-11-07 04:36:47
600,2506,700179,2025-04-09 18:04:54
601,2508,700455,2025-01-26 12:03:59
602,2513,700394,2024-12-05 07:29:47
603,2514,700072,2025-08-01 04:38:26
604,2518,700236,2024-11-18 13:17:29
605,2522,700149,2025-02-22 07:31:00
606,2525,700113,2024-10-21 14:13:34
607,2530,700435,2024-11-25 15:02:48
608,2537,700100,2025-08-15 12:28:35
609,2551,700418,2025-09-27 08:33:46
610,2555,700406,2024-10-23 05:41:03
611,2557,700127,2025-02-02 00:14:53
612,2560,700173,2025-04-28 10:42:40
613,2570,700178,2025-09-26 05:12:46
614,2571,700153,2025-05-12 21:55:47
615,2578,700002,2025-02-05 20:44:50
616,2588,700443,2025-03-23 06:13:15
617,2594,700159,2025-01-30 13:03:53
618,2595,700464,2025-06-15 09:14:50
619,2602,700123,2024-10-19 06:42:47
620,2606,700152,2025-06-02 02:09:58
621,2608,700158,2024-10-18 11:19:24
622,2611,700177,2024-12-13 20:51:43
623,2622,700413,2025-03-22 19:17:16
624,2624,700418,2025-02-04 20:03:43
625,2625,700470,2025-03-05 19:05:40
626,2630,700286,2025-05-30 19:34:27
627,2637,700365,2025-06-14 22:04:45
628,2639,700368,2024-10-09 04:52:09
629,2646,700130,2025-01-18 17:38:19
630,2648,700216,2024-12-27 01:01:19
631,2662,700467,2025-01-02 03:20:51
632,2666,700040,2025-08-02 18:38:57
633,2667,700225,2024-10-20 17:29:14
634,2669,700131,2025-04-09 14:06:38
635,2671,700220,2025-02-21 23:55:52
636,2675,700027,2025-04-05 19:39:07
637,2676,700250,2025-03-19 04:29:01
638,2681,700453,2025-04-26 11:25:07
639,2685,700134,2025-01-06 12:07:40
640,2690,700140,2025-06-15 00:31:30
641,2694,700157,2025-08-01 18:27:46
642,2698,700482,2024-10-27 15:23:11
643,2700,700299,2024-10-15 20:41:42
644,2702,700088,2024-12-25 16:58:32
645,2704,700129,2025-02-20 13:55:29
646,2706,700084,2025-01-16 21:50:35
647,2708,700221,2025-05-29 15:42:44
648,2710,700015,2025-07-20 19:33:16
649,2713,700356,2025-09-24 21:03:18
650,2714,700166,2025-01-23 00:32:00
651,2716,700402,2024-11-28 02:36:31
652,2717,700042,2024-11-13 06:48:48
653,2733,700439,2025-02-10 23:40:18
654,2752,700200,2025-03-06 13:47:24
655,2762,700022,2025-01-08 13:00:00
656,2764,700133,2025-09-10 00:44:07
657,2767,700360,2025-08-22 12:01:59
658,2770,700160,2025-01-03 02:30:43
659,2772,700071,2024-12-22 04:24:29
660,2777,700050,2025-05-29 09:19:29
661,2778,700341,2025-01-18 00:58:12
662,2782,700343,2025-08-29 22:43:54
663,2791,700098,2025-02-28 01:13:44
664,2793,700389,2025-01-02 22:05:19
665,2795,700369,2025-03-28 14:44:18
666,2796,700255,2025-03-15 01:31:56
667,2797,700458,2025-02-06 10:47:22
668,2798,700444,2025-08-15 01:28:36
669,2799,700327,2024-11-27 22:14:18
670,2805,700288,2025-08-04 08:01:30
671,2809,700149,2025-05-21 01:44:17
672,2812,700027,2025-09-21 04:58:17
673,2819,700215,2024-12-31 00:26:13
674,2825,700144,2024-12-20 14:15:19
675,2829,700154,2025-06-15 07:38:07
676,2833,700151,2025-01-31 06:48:03
677,2839,700191,2025-06-14 22:50:06
678,2843,700188,2025-02-13 01:32:12
679,2849,700412,2025-01-10 11:38:52
680,2854,700487,2025-03-27 17:28:26
681,2855,700249,2025-05-24 23:29:40
682,2866,700295,2025-01-11 18:08:53
683,2875,700149,2025-09-03 21:07:31
684,2882,700123,2024-10-26 23:17:42
685,2889,700224,2025-09-12 10:35:09
686,2890,700376,2024-11-24 06:05:21
687,2893,700378,2025-04-06 08:35:13
688,2896,700244,2025-09-06 20:08:45
689,2898,700360,2025-08-02 10:59:56
690,2907,700091,2025-01-23 03:33:29
691,2909,700470,2025-02-15 22:00:39
692,2913,700428,2024-11-28 11:33:48
693,2918,700491,2025-08-18 19:36:59
694,2923,700382,2025-09-27 06:59:10
695,2924,700008,2025-01-12 08:19:25
696,2926,700373,2024-12-17 03:40:42
697,2931,700371,2024-11-17 16:41:24
698,2943,700350,2025-03-07 11:00:09
699,2947,700100,2024-10-29 06:48:17
700,2951,700464,2025-08-04 10:46:22
701,2954,700323,2025-08-29 13:14:01
702,2955,700446,2025-01-02 22:46:34
703,2963,700323,2024-11-20 05:28:22
704,2964,700046,2024-11-26 15:40:22
705,2966,700046,2025-02-22 06:32:58
706,2967,700070,2025-09-20 05:37:47
707,2987,700228,2025-06-24 03:09:20
708,2994,700278,2025-04-02 13:15:57
709,2997,700211,2024-10-24 02:50:18
710,3005,700086,2024-12-18 10:18:38
711,3007,700022,2025-05-14 01:44:39
712,3008,700442,2025-08-18 00:44:37
713,3012,700483,2025-07-15 12:49:42
714,3020,700010,2025-04-18 16:56:56
715,3023,700481,2024-12-12 01:36:37
716,3024,700397,2025-07-26 19:12:24
717,3037,700071,2025-03-30 01:56:55
718,3042,700465,2025-01-22 12:25:21
719,3043,700141,2024-11-29 10:44:57
720,3052,700223,2025-06-23 09:23:37
721,3053,700179,2025-10-09 10:05:40
722,3058,700127,2025-09-19 06:53:23
723,3060,700499,2025-05-11 13:16:22
724,3061,700453,2025-01-04 08:33:31
725,3064,700107,2024-10-13 08:00:45
726,3070,700249,2025-06-03 00:37:52
727,3077,700418,2025-01-09 03:41:26
728,3078,700462,2024-11-19 03:19:44
729,3079,700158,2025-07-17 05:54:44
730,3082,700347,2025-08-08 04:02:50
731,3083,700060,2024-11-17 11:52:39
732,3085,700331,2025-05-25 19:44:01
733,3086,700039,2025-08-19 17:10:40
734,3089,700029,2025-03-26 07:17:40
735,3090,700305,2025-09-02 01:34:03
736,3096,700112,2025-07-13 02:06:35
737,3103,700099,2025-08-11 01:55:56
738,3105,700118,2025-04-05 00:22:51
739,3106,700442,2025-08-31 14:14:39
740,3109,700118,2024-11-24 08:39:13
741,3110,700345,2025-04-04 06:03:35
742,3116,700449,2024-11-05 08:28:00
743,3120,700389,2024-11-29 15:24:46
744,3121,700439,2024-12-08 05:53:01
745,3126,700427,2025-01-20 00:45:57
746,3129,700070,2025-05-06 18:40:51
747,3132,700155,2025-08-21 20:32:29
748,3135,700059,2025-02-21 13:35:55
749,3138,700060,2025-09-20 13:09:22
750,3141,700373,2025-08-16 03:15:51
751,3157,700050,2025-04-05 21:21:11
752,3160,700368,2025-07-19 23:57:47
753,3167,700175,2024-11-22 18:05:43
754,3168,700315,2024-11-15 06:09:21
755,3174,700194,2025-06-05 12:04:54
756,3175,700397,2025-07-05 05:32:59
757,3176,700012,2025-01-09 02:25:07
758,3179,700346,2024-12-31 03:18:16
759,3182,700352,2025-03-21 01:34:05
760,3187,700226,2025-04-11 21:11:21
761,3189,700029,2025-06-29 14:35:35
762,3190,700399,2024-10-18 20:32:36
763,3193,700186,2025-05-15 12:55:24
764,3201,700465,2025-01-23 11:23:36
765,3203,700432,2025-05-31 17:53:08
766,3204,700433,2024-12-09 00:51:24
767,3207,700432,2025-03-07 06:27:40
768,3209,700025,2025-03-30 18:32:19
769,3211,700165,2025-04-22 07:35:25
770,3212,700262,2025-07-14 13:11:06
771,3215,700220,2025-03-01 09:53:27
772,3220,700063,2025-03-14 06:05:56
773,3224,700448,2025-07-12 00:45:35
774,3227,700330,2025-01-13 02:44:10
775,3228,700101,2025-10-02 23:06:37
776,3232,700450,2025-07-25 09:50:38
777,3235,700077,2025-01-07 15:39:54
778,3236,700404,2024-10-31 06:18:56
779,3244,700126,2025-01-16 10:55:47
780,3246,700325,2025-07-04 13:03:11
781,3256,700358,2025-05-25 07:51:21
782,3258,700436,2024-11-19 10:46:40
783,3260,700421,2025-06-22 19:30:06
784,3262,700410,2025-02-08 20:53:03
785,3266,700286,2025-04-12 06:10:41
786,3270,700046,2025-02-07 10:20:12
787,3273,700327,2024-11-20 10:11:06
788,3275,700258,2025-04-04 11:10:28
789,3284,700286,2025-01-18 11:54:51
790,3288,700182,2025-03-24 19:15:53
791,3298,700344,2025-08-22 09:37:59
792,3300,700191,2025-02-14 12:46:30
793,3302,700217,2025-06-25 01:40:47
794,3303,700431,2025-01-07 10:18:35
795,3308,700046,2025-04-12 20:36:53
796,3310,700104,2025-06-21 08:53:19
797,3312,700468,2025-05-13 16:17:05
798,3317,700063,2025-01-24 11:44:34
799,3319,700362,2025-08-25 23:04:07
800,3320,700090,2025-04-12 07:55:55
801,3322,700153,2024-12-31 03:04:00
802,3328,700297,2025-09-20 15:38:31
803,3330,700089,2025-03-04 22:55:49
804,3335,700493,2024-12-09 23:35:54
805,3336,700028,2025-04-23 07:06:40
806,3337,700275,2024-11-09 14:52:08
807,3340,700450,2025-06-13 20:13:25
808,3344,700298,2025-05-27 13:30:30
809,3345,700313,2025-09-21 02:40:30
810,3347,700313,2025-07-05 13:51:53
811,3348,700290,2024-12-14 16:07:26
812,3356,700261,2025-07-08 22:36:40
813,3362,700074,2025-06-25 18:36:41
814,3364,700247,2025-07-01 18:59:19
815,3371,700463,2025-02-11 21:12:13
816,3372,700174,2025-02-11 13:42:16
817,3374,700055,2025-05-30 19:32:38
818,3379,700306,2025-03-02 18:41:09
819,3382,700364,2025-09-23 16:00:24
820,3385,700453,2024-11-06 15:23:23
821,3390,700289,2025-06-21 23:33:09
822,3393,700387,2025-08-01 19:38:49
823,3394,700260,2025-07-18 09:33:02
824,3402,700405,2024-12-03 04:32:40
825,3406,700363,2024-10-26 19:17:46
826,3409,700133,2024-10-16 04:15:15
827,3411,700387,2025-09-05 22:26:41
828,3418,700086,2025-07-01 06:11:39
829,3421,700302,2025-08-14 05:07:52
830,3424,700066,2025-08-21 05:06:40
831,3430,700341,2025-03-06 17:53:23
832,3432,700116,2025-02-05 16:03:21
833,3435,700334,2025-07-03 10:31:12
834,3436,700123,2025-06-10 13:33:54
835,3439,700034,2025-05-08 02:32:20
836,3442,700325,2025-09-26 23:18:52
837,3452,700496,2025-07-18 05:05:15
838,3453,700065,2025-02-27 08:27:44
839,3455,700009,2025-03-17 18:11:42
840,3458,700334,2025-01-13 06:54:40
841,3461,700116,2024-12-30 23:11:32
842,3465,700070,2025-08-12 21:46:29
843,3466,700129,2025-07-09 03:14:29
844,3471,700411,2024-11-08 20:35:28
845,3472,700010,2025-08-16 20:48:35
846,3476,700013,2024-11-16 21:17:29
847,3480,700227,2025-09-06 05:57:34
848,3491,700159,2025-09-07 03:36:41
849,3492,700052,2025-08-11 10:16:41
850,3495,700243,2025-08-10 23:55:45
851,3496,700407,2025-08-02 13:01:06
852,3501,700178,2024-11-04 19:44:55
853,3504,700448,2025-06-05 16:30:12
854,3505,700106,2025-02-09 08:43:15
855,3508,700261,2025-05-19 06:52:24
856,3509,700205,2025-09-10 17:43:58
857,3513,700354,2024-10-30 17:20:47
858,3514,700246,2024-11-12 11:49:18
859,3522,700429,2025-05-14 06:20:41
860,3523,700420,2025-01-05 19:10:00
861,3529,700150,2025-09-17 19:00:53
862,3532,700350,2025-08-10 13:52:03
863,3533,700007,2024-10-29 05:00:48
864,3543,700456,2025-04-04 13:09:13
865,3546,700499,2024-11-20 10:36:34
866,3559,700458,2025-02-22 07:43:33
867,3564,700495,2025-03-25 23:28:58
868,3567,700384,2025-03-15 09:34:04
869,3575,700013,2025-10-03 00:01:42
870,3579,700095,2024-11-27 14:02:37
871,3580,700158,2025-07-09 15:11:43
872,3587,700317,2025-02-24 01:53:55
873,3590,700430,2025-03-18 07:33:07
874,3593,700439,2025-05-01 21:19:31
875,3594,700484,2025-02-04 14:38:30
876,3599,700195,2025-03-07 22:44:30
877,3600,700110,2025-07-24 22:59:10
878,3601,700136,2025-10-03 23:34:17
879,3606,700236,2024-11-04 19:06:29
880,3610,700015,2025-03-21 21:01:47
881,3616,700007,2025-03-05 15:40:39
882,3628,700046,2025-04-29 02:07:33
883,3639,700335,2025-09-23 23:19:50
884,3645,700271,2025-07-10 07:27:15
885,3648,700177,2025-09-05 13:29:51
886,3650,700486,2025-06-27 21:12:03
887,3652,700224,2025-07-23 19:02:49
888,3654,700200,2025-08-21 05:32:00
889,3661,700187,2025-05-17 22:11:10
890,3662,700494,2025-04-27 15:26:45
891,3664,700311,2025-01-09 06:16:25
892,3666,700288,2025-01-03 02:57:47
893,3668,700495,2025-07-01 17:03:38
894,3669,700372,2025-05-13 04:53:48
895,3670,700099,2024-12-07 14:16:03
896,3676,700202,2024-11-08 18:41:12
897,3677,700188,2024-11-27 21:15:17
898,3685,700099,2025-02-17 10:16:27
899,3688,700338,2025-04-11 11:15:33
900,3689,700147,2025-06-25 12:31:23
901,3695,700280,2024-11-08 03:49:33
902,3698,700362,2025-06-03 15:37:24
903,3699,700189,2025-01-21 09:01:43
904,3703,700048,2024-12-23 05:20:41
905,3705,700074,2025-03-20 15:38:41
906,3706,700343,2025-04-21 06:05:11
907,3708,700156,2025-06-15 13:34:24
908,3711,700348,2024-11-04 06:59:36
909,3728,700487,2024-11-18 02:00:01
910,3729,700432,2024-10-30 15:47:32
911,3734,700202,2025-02-06 18:53:32
912,3738,700060,2025-04-02 10:54:10
913,3739,700034,2025-10-09 10:55:29
914,3748,700254,2025-10-05 14:18:27
915,3751,700046,2025-06-26 16:06:49
916,3754,700101,2024-11-30 00:04:48
917,3760,700234,2024-10-18 17:55:31
918,3764,700070,2024-10-09 07:37:14
919,3767,700282,2024-12-31 14:14:00
920,3775,700171,2025-08-08 00:50:50
921,3779,700295,2025-02-06 12:28:59
922,3784,700342,2024-10-15 23:26:31
923,3787,700315,2025-06-14 07:37:23
924,3806,700031,2025-06-21 15:09:07
925,3813,700328,2024-12-05 00:33:04
926,3835,700057,2025-02-24 22:01:07
927,3836,700060,2025-04-25 15:10:01
928,3839,700118,2025-02-23 11:23:52
929,3842,700463,2025-09-22 00:38:24
930,3849,700198,2025-09-12 17:50:52
931,3874,700127,2025-02-18 11:19:07
932,3879,700346,2024-12-09 02:33:39
933,3880,700304,2025-06-21 10:04:07
934,3885,700435,2025-03-26 17:33:49
935,3887,700164,2025-03-11 03:31:20
936,3889,700309,2024-11-19 03:34:23
937,3893,700241,2025-05-07 08:46:52
938,3894,700072,2025-04-05 14:30:53
939,3895,700371,2024-12-30 19:38:40
940,3897,700354,2025-10-08 03:49:22
941,3898,700214,2025-02-05 23:33:03
942,3899,700493,2025-05-30 20:58:41
943,3901,700363,2025-03-19 02:05:38
944,3903,700450,2025-03-28 21:52:05
945,3904,700122,2025-04-29 23:03:47
946,3910,700092,2025-05-28 21:58:03
947,3912,700044,2025-08-23 20:02:58
948,3922,700045,2025-10-08 07:11:08
949,3924,700154,2025-08-01 08:30:43
950,3927,700316,2024-11-21 22:01:54
951,3936,700111,2024-11-26 13:19:42
952,3937,700260,2025-07-05 07:14:16
953,3938,700089,2025-02-23 14:32:16
954,3940,700390,2025-09-07 17:43:37
955,3945,700327,2025-02-04 02:15:32
956,3947,700208,2025-06-02 16:19:55
957,3949,700186,2025-03-09 00:02:55
958,3960,700034,2025-04-07 17:09:07
959,3961,700145,2025-03-20 08:06:09
960,3964,700484,2025-03-17 19:44:59
961,3965,700275,2025-08-29 00:01:10
962,3966,700411,2024-12-26 19:03:42
963,3968,700033,2024-11-11 10:00:02
964,3971,700493,2025-07-17 13:25:01
965,3977,700399,2025-06-03 06:27:26
966,3984,700116,2025-03-18 21:45:58
967,3996,700294,2025-07-16 21:51:59
968,3997,700430,2025-06-04 13:47:17
969,4000,700224,2025-06-11 08:39:35
970,4001,700271,2025-03-11 22:21:22
971,4002,700468,2025-09-27 21:47:29
972,4012,700188,2024-10-31 06:36:18
973,4013,700004,2025-02-24 15:33:28
974,4015,700283,2025-02-19 13:41:35
975,4018,700230,2025-06-23 03:10:41
976,4019,700202,2025-09-07 00:50:14
977,4025,700359,2025-06-15 03:01:12
978,4026,700260,2025-05-28 13:50:26
979,4027,700088,2025-06-13 22:41:48
980,4028,700024,2025-02-16 10:12:29
981,4033,700364,2025-08-29 07:13:39
982,4040,700159,2024-11-28 00:33:04
983,4048,700241,2024-11-20 18:00:01
984,4049,700358,2025-09-19 21:42:23
985,4051,700269,2024-12-15 16:23:09
986,4054,700054,2025-03-25 14:42:50
987,4056,700257,2025-03-09 23:31:40
988,4059,700066,2024-11-20 21:16:03
989,4062,700450,2024-12-07 18:38:43
990,4065,700447,2024-10-23 14:57:32
991,4066,700243,2025-05-20 23:58:59
992,4069,700074,2025-03-24 01:45:44
993,4071,700289,2025-07-28 05:44:07
994,4075,700006,2024-11-05 04:17:36
995,4083,700356,2025-06-19 03:57:08
996,4089,700496,2025-03-06 22:06:02
997,4092,700026,2025-07-29 03:23:39
998,4094,700302,2025-02-20 08:40:59
999,4097,700010,2025-02-07 12:02:16
1000,4100,700260,2025-04-15 01:31:17
1001,4106,700091,2025-09-07 08:00:25
1002,4109,700353,2025-04-16 19:00:36
1003,4111,700187,2025-08-05 07:12:11
1004,4114,700214,2025-03-03 17:41:25
1005,4125,700087,2024-11-29 00:56:41
1006,4126,700381,2024-10-31 05:00:20
1007,4128,700442,2025-04-09 05:40:16
1008,4129,700153,2025-08-20 18:06:09
1009,4132,700210,2025-03-13 03:38:27
1010,4154,700172,2025-04-14 13:02:39
1011,4162,700271,2025-07-06 03:28:13
1012,4164,700036,2024-11-09 19:48:02
1013,4167,700469,2025-10-06 12:28:10
1014,4180,700252,2024-12-21 21:58:32
1015,4182,700315,2025-05-21 23:59:14
1016,4190,700418,2025-07-14 08:43:42
1017,4201,700349,2025-05-18 00:48:01
1018,4204,700046,2025-07-29 02:52:40
1019,4206,700191,2025-03-23 15:21:40
1020,4212,700358,2025-01-05 05:28:01
1021,4213,700424,2025-01-17 12:07:08
1022,4214,700137,2025-05-23 03:38:12
1023,4219,700283,2025-04-16 00:21:08
1024,4220,700334,2025-08-21 05:12:00
1025,4221,700158,2025-06-23 03:33:42
1026,4226,700448,2025-05-28 18:01:01
1027,4228,700300,2025-04-11 06:28:06
1028,4229,700448,2024-11-12 16:41:13
1029,4231,700440,2025-04-04 02:02:54
1030,4234,700251,2025-08-20 02:41:00
1031,4236,700041,2025-07-11 00:10:36
1032,4239,700278,2024-10-23 07:03:19
1033,4245,700344,2025-07-19 21:13:27
1034,4246,700189,2025-05-10 07:14:00
1035,4248,700326,2024-12-12 01:00:30
1036,4250,700089,2025-03-04 00:35:00
1037,4251,700012,2025-04-01 23:14:48
1038,4256,700321,2025-02-14 11:26:09
1039,4258,700135,2025-03-09 02:18:35
1040,4287,700463,2024-12-19 04:38:29
1041,4291,700320,2025-07-21 08:35:55
1042,4293,700274,2025-02-19 19:30:34
1043,4299,700331,2025-05-21 04:04:21
1044,4310,700221,2024-12-31 19:35:48
1045,4313,700405,2025-05-05 23:54:43
1046,4315,700173,2024-12-04 06:09:49
1047,4326,700147,2025-05-19 17:23:28
1048,4330,700272,2024-11-06 10:36:39
1049,4337,700350,2025-07-05 10:23:44
1050,4340,700333,2025-08-28 19:43:07
1051,4342,700168,2025-04-11 07:25:58
1052,4343,700026,2025-09-09 21:47:54
1053,4349,700015,2025-03-03 07:05:04
1054,4352,700411,2024-11-21 22:12:25
1055,4354,700284,2024-12-20 06:27:29
1056,4362,700124,2024-10-30 02:34:27
1057,4363,700447,2025-04-06 17:50:40
1058,4370,700335,2025-03-01 16:03:49
1059,4382,700201,2025-02-14 11:06:28
1060,4395,700319,2025-05-24 11:58:01
1061,4396,700500,2024-10-12 22:39:16
1062,4403,700106,2025-09-30 02:35:30
1063,4404,700002,2025-06-24 15:02:35
1064,4411,700458,2025-04-09 01:27:51
1065,4412,700131,2024-10-27 08:11:43
1066,4419,700090,2025-06-29 07:20:08
1067,4421,700126,2025-07-20 15:29:24
1068,4430,700252,2025-09-02 09:54:29
1069,4437,700110,2024-12-30 09:56:30
1070,4441,700108,2025-07-29 08:23:35
1071,4447,700179,2025-01-02 09:52:30
1072,4453,700052,2025-07-13 09:11:43
1073,4459,700257,2025-04-29 10:58:38
1074,4466,700459,2025-09-05 14:17:26
1075,4467,700364,2025-05-08 16:16:03
1076,4483,700198,2025-05-01 20:19:26
1077,4484,700496,2025-05-30 01:43:46
1078,4485,700144,2024-12-30 18:23:40
1079,4487,700109,2025-09-10 11:32:54
1080,4489,700242,2025-03-09 17:15:23
1081,4490,700256,2025-08-09 23:32:27
1082,4492,700158,2024-10-18 12:33:01
1083,4493,700415,2025-01-09 12:49:24
1084,4494,700318,2025-06-03 11:18:25
1085,4495,700076,2025-02-11 00:20:42
1086,4497,700014,2025-07-17 07:14:53
1087,4504,700386,2025-09-16 22:56:11
1088,4507,700117,2025-08-04 12:00:47
1089,4508,700296,2025-05-25 09:54:31
1090,4512,700209,2024-12-18 17:01:02
1091,4514,700353,2025-02-14 12:26:29
1092,4515,700220,2025-05-17 07:44:21
1093,4521,700069,2025-05-15 11:47:14
1094,4544,700119,2024-11-13 20:16:27
1095,4551,700070,2024-10-25 01:49:22
1096,4552,700139,2025-08-08 14:43:26
1097,4558,700436,2025-05-18 17:01:13
1098,4564,700393,2025-06-14 20:55:23
1099,4572,700156,2024-12-05 17:10:00
1100,4576,700079,2025-04-15 06:23:15
1101,4578,700006,2025-06-25 02:23:52
1102,4580,700455,2025-10-08 21:34:27
1103,4581,700187,2025-04-11 08:17:23
1104,4582,700424,2025-04-29 08:16:02
1105,4586,700471,2024-10-29 10:41:11
1106,4589,700220,2024-10-20 22:21:13
1107,4599,700076,2024-10-11 04:35:18
1108,4602,700363,2024-10-16 07:11:59
1109,4604,700009,2025-03-26 15:04:18
1110,4611,700089,2025-06-24 14:49:52
1111,4613,700331,2024-12-07 16:25:26
1112,4616,700225,2025-09-21 11:15:57
1113,4618,700375,2025-01-24 10:48:36
1114,4620,700150,2025-04-01 15:27:28
1115,4623,700088,2025-01-10 16:18:40
1116,4629,700487,2025-02-13 01:59:58
1117,4647,700281,2024-11-18 11:21:45
1118,4649,700047,2025-01-15 05:32:13
1119,4658,700211,2025-07-04 02:07:50
1120,4661,700342,2025-01-31 14:43:42
1121,4663,700001,2024-11-19 14:09:13
1122,4667,700344,2025-09-10 01:07:53
1123,4669,700219,2025-10-07 13:39:57
1124,4670,700285,2025-09-22 17:01:24
1125,4674,700165,2025-05-31 05:49:48
1126,4682,700365,2025-02-07 03:08:11
1127,4685,700493,2024-11-05 07:34:31
1128,4688,700062,2025-08-08 02:24:48
1129,4691,700039,2025-09-02 18:04:40
1130,4694,700322,2025-04-17 03:43:18
1131,4699,700450,2024-10-19 09:47:52
1132,4701,700306,2025-03-18 16:14:00
1133,4715,700242,2025-06-25 17:10:25
1134,4716,700447,2024-11-01 17:18:01
1135,4719,700312,2025-04-06 06:59:48
1136,4722,700333,2024-10-30 06:44:06
1137,4731,700060,2025-08-20 12:59:40
1138,4734,700211,2025-01-10 23:03:20
1139,4744,700095,2025-06-03 13:36:27
1140,4745,700129,2025-07-28 00:27:11
1141,4750,700320,2025-05-02 16:49:35
1142,4756,700113,2024-12-05 01:42:53
1143,4762,700133,2025-10-08 09:10:36
1144,4767,700478,2025-07-17 11:47:15
1145,4771,700447,2024-10-19 10:20:39
1146,4775,700100,2025-09-04 01:03:03
1147,4786,700061,2025-04-12 01:04:42
1148,4792,700213,2025-07-14 07:26:57
1149,4794,700070,2024-10-17 07:05:47
1150,4795,700437,2025-06-23 12:39:43
1151,4797,700361,2024-10-18 01:06:47
1152,4798,700418,2025-06-26 00:10:16
1153,4802,700059,2025-05-04 05:19:49
1154,4821,700036,2025-09-30 14:08:42
1155,4830,700086,2025-01-06 14:24:55
1156,4842,700461,2025-03-13 20:00:11
1157,4844,700343,2024-11-30 05:46:28
1158,4846,700473,2024-10-16 08:25:07
1159,4847,700333,2024-12-14 11:54:51
1160,4849,700195,2025-08-03 09:59:02
1161,4853,700256,2025-09-03 07:44:41
1162,4858,700401,2024-12-24 05:20:50
1163,4865,700382,2025-01-22 15:33:47
1164,4871,700009,2025-07-07 11:21:47
1165,4872,700214,2025-03-09 08:43:12
1166,4893,700440,2025-04-05 00:20:05
1167,4903,700446,2024-10-09 23:35:25
1168,4907,700257,2025-08-30 17:37:39
1169,4909,700404,2025-07-11 20:41:46
1170,4914,700291,2025-02-19 21:07:24
1171,4917,700368,2025-03-24 22:49:40
1172,4918,700363,2025-04-24 21:21:43
1173,4929,700209,2025-05-12 06:43:49
1174,4932,700183,2024-10-26 10:22:42
1175,4937,700190,2025-08-22 10:07:54
1176,4941,700487,2025-08-29 11:09:57
1177,4943,700269,2025-01-10 04:44:25
1178,4946,700122,2025-09-17 03:07:29
1179,4966,700477,2025-04-21 21:33:42
1180,4967,700053,2025-08-18 12:59:42
1181,4970,700299,2025-10-09 07:19:15
1182,4972,700281,2025-01-29 06:18:51
1183,4973,700177,2025-01-17 18:26:16
1184,4979,700474,2025-04-05 12:39:36
1185,4980,700465,2024-12-13 07:16:03
1186,4984,700168,2025-08-03 10:10:28
1187,4992,700376,2025-09-30 20:25:40
1188,4994,700184,2025-03-20 06:06:39
1189,4998,700241,2025-05-24 23:41:08
1190,5000,700121,2025-09-04 01:58:50
1191,5001,700014,2025-08-13 15:23:27
1192,5004,700065,2025-01-29 05:17:59
1193,5008,700254,2024-12-31 08:38:37
1194,5009,700483,2025-09-09 22:09:53
1195,5010,700498,2024-10-18 02:51:04
1196,5017,700142,2025-02-01 19:52:47
1197,5021,700228,2024-12-27 08:23:30
1198,5023,700424,2025-01-07 10:21:06
1199,5028,700177,2024-12-15 13:57:15
1200,5031,700105,2025-02-05 07:59:40
1201,5036,700097,2025-07-01 03:27:52
1202,5037,700242,2024-10-30 18:17:16
1203,5039,700498,2025-06-12 17:38:54
1204,5046,700045,2025-02-14 03:33:51
1205,5059,700434,2025-01-30 19:42:06
1206,5064,700314,2024-11-10 16:09:39
1207,5067,700126,2024-11-12 08:46:31
1208,5074,700469,2025-06-19 08:17:48
1209,5079,700449,2025-07-12 22:29:01
1210,5081,700389,2025-06-16 19:24:44
1211,5090,700137,2025-02-09 22:21:51
1212,5091,700482,2025-07-02 17:26:32
1213,5100,700337,2025-05-25 00:27:03
1214,5103,700430,2024-11-19 22:42:47
1215,5116,700437,2025-05-07 09:05:32
1216,5117,700247,2025-03-20 16:27:31
1217,5124,700088,2025-05-29 22:19:37
1218,5126,700104,2025-08-28 04:53:24
1219,5127,700278,2025-10-01 14:23:45
1220,5140,700148,2024-10-26 12:50:22
1221,5141,700081,2024-12-15 12:22:52
1222,5146,700446,2025-04-26 02:29:50
1223,5160,700459,2025-07-16 14:03:33
1224,5163,700187,2025-03-16 11:54:14
1225,5164,700048,2024-12-19 22:53:59
1226,5172,700205,2025-02-27 05:59:13
1227,5182,700234,2025-09-12 02:05:27
1228,5185,700221,2025-09-06 10:05:05
1229,5189,700272,2024-11-01 11:07:49
1230,5190,700145,2025-04-17 06:08:59
1231,5195,700287,2025-04-26 19:25:10
1232,5197,700092,2025-05-27 10:22:59
1233,5205,700323,2025-07-05 12:53:19
1234,5214,700421,2025-04-13 06:12:42
1235,5216,700352,2024-12-20 13:05:40
1236,5225,700219,2025-04-24 12:14:20
1237,5236,700445,2025-09-26 04:09:05
1238,5240,700371,2025-09-01 23:15:09
1239,5247,700182,2024-12-22 14:23:23
1240,5249,700002,2025-01-09 02:10:30
1241,5250,700286,2025-03-16 18:07:59
1242,5254,700059,2025-07-08 15:01:18
1243,5259,700121,2025-06-11 14:39:05
1244,5266,700289,2025-03-17 11:19:06
1245,5269,700146,2024-12-05 19:31:34
1246,5275,700492,2025-05-07 05:25:58
1247,5280,700108,2025-07-03 05:22:14
1248,5286,700375,2025-07-15 20:00:33
1249,5290,700262,2025-02-20 04:17:00
1250,5293,700045,2025-03-03 13:30:11
1251,5299,700268,2024-11-18 05:44:04
1252,5301,700276,2025-10-02 15:55:28
1253,5302,700336,2025-07-14 04:15:46
1254,5305,700442,2024-11-28 09:43:27
1255,5308,700468,2024-11-21 23:57:21
1256,5309,700369,2025-08-31 16:46:20
1257,5312,700264,2025-06-06 19:55:14
1258,5316,700373,2025-08-01 21:56:01
1259,5319,700415,2025-07-03 07:34:45
1260,5324,700368,2025-08-26 04:45:38
1261,5326,700411,2025-03-05 21:52:50
1262,5331,700131,2025-10-07 10:26:16
1263,5340,700435,2025-01-03 10:16:53
1264,5341,700412,2025-06-18 22:58:49
1265,5343,700255,2025-06-06 15:13:17
1266,5344,700266,2025-01-05 18:28:51
1267,5345,700396,2025-02-02 12:10:53
1268,5347,700211,2024-11-30 08:36:51
1269,5352,700250,2025-06-04 16:18:49
1270,5356,700272,2025-09-29 00:56:04
1271,5373,700326,2025-03-14 18:50:56
1272,5376,700315,2025-01-19 12:28:04
1273,5377,700252,2024-11-17 04:49:46
1274,5379,700314,2025-08-21 01:50:35
1275,5384,700219,2025-07-11 17:12:40
1276,5391,700109,2025-05-29 00:24:59
1277,5395,700074,2025-01-06 00:43:25
1278,5396,700439,2025-07-02 03:14:48
1279,5405,700001,2025-09-20 21:54:46
1280,5407,700175,2024-11-11 04:15:04
1281,5408,700068,2025-06-06 09:50:31
1282,5409,700093,2025-05-09 07:17:47
1283,5410,700259,2025-09-09 06:47:37
1284,5412,700390,2025-08-21 13:09:18
1285,5413,700252,2024-11-11 02:04:24
1286,5417,700345,2025-09-13 11:58:52
1287,5420,700420,2025-08-26 13:58:20
1288,5428,700026,2025-03-27 12:38:40
1289,5429,700463,2024-12-14 01:59:25
1290,5430,700397,2025-06-02 23:13:05
1291,5432,700452,2025-06-19 14:07:29
1292,5433,700487,2025-09-10 16:48:08
1293,5438,700442,2025-06-01 17:35:35
1294,5439,700169,2025-05-15 09:28:53
1295,5440,700175,2025-09-11 20:56:09
1296,5443,700474,2025-04-10 21:06:25
1297,5453,700234,2025-01-02 17:42:16
1298,5459,700485,2025-05-22 16:03:29
1299,5461,700486,2024-10-21 02:42:58
1300,5462,700494,2025-09-21 19:06:42
1301,5464,700060,2024-11-07 09:21:10
1302,5468,700233,2024-11-11 00:49:21
1303,5472,700156,2025-08-09 02:24:01
1304,5478,700287,2025-03-22 16:46:36
1305,5484,700304,2024-10-08 19:57:32
1306,5487,700031,2025-02-15 12:25:38
1307,5488,700395,2025-04-01 10:51:05
1308,5498,700379,2025-05-23 23:31:04
1309,5505,700309,2025-07-10 06:21:49
1310,5509,700500,2025-02-07 06:03:12
1311,5514,700164,2025-02-21 08:40:03
1312,5515,700372,2025-08-25 21:40:28
1313,5517,700239,2025-08-05 08:47:12
1314,5518,700385,2025-03-14 12:01:15
1315,5519,700018,2025-01-07 08:35:30
1316,5520,700422,2025-09-10 04:03:47
1317,5521,700296,2025-03-14 17:16:39
1318,5523,700204,2025-05-19 20:30:43
1319,5535,700457,2024-12-03 21:46:37
1320,5545,700389,2024-10-13 14:41:43
1321,5546,700381,2024-11-05 19:24:43
1322,5547,700440,2024-12-01 20:38:18
1323,5551,700043,2025-03-14 05:05:47
1324,5559,700447,2025-08-24 16:59:54
1325,5566,700273,2025-06-26 05:01:13
1326,5569,700035,2025-05-18 11:40:51
1327,5575,700089,2024-12-20 23:49:16
1328,5590,700375,2025-05-20 12:26:30
1329,5594,700291,2024-10-09 20:45:21
1330,5595,700482,2025-03-06 10:06:26
1331,5598,700499,2025-02-21 01:00:53
1332,5604,700204,2025-09-02 10:12:21
1333,5607,700097,2024-12-30 02:43:02
1334,5609,700061,2025-02-10 21:42:10
1335,5612,700138,2025-07-04 00:46:16
1336,5614,700376,2024-12-08 03:35:31
1337,5616,700432,2025-07-24 22:39:21
1338,5617,700004,2025-07-01 21:32:37
1339,5619,700417,2025-05-28 02:58:04
1340,5629,700356,2024-11-27 20:42:41
1341,5630,700190,2025-05-26 01:58:46
1342,5643,700071,2025-06-22 10:58:23
1343,5647,700350,2025-03-15 23:16:12
1344,5650,700413,2025-01-04 18:44:12
1345,5652,700409,2025-03-30 09:53:32
1346,5655,700408,2025-04-13 02:58:14
1347,5660,700008,2024-11-24 17:30:23
1348,5662,700359,2025-03-07 07:34:47
1349,5665,700130,2024-10-11 07:18:45
1350,5672,700236,2025-09-18 13:13:44
1351,5677,700072,2025-04-20 23:19:39
1352,5679,700306,2025-08-27 21:54:47
1353,5680,700466,2025-03-21 12:35:53
1354,5682,700500,2025-06-26 20:58:44
1355,5686,700083,2024-12-21 00:52:28
1356,5698,700177,2025-06-30 06:37:09
1357,5702,700052,2025-07-04 21:11:48
1358,5706,700047,2025-07-17 08:16:39
1359,5708,700498,2025-01-17 19:33:09
1360,5711,700271,2025-03-07 05:35:39
1361,5717,700263,2024-12-18 14:28:41
1362,5718,700318,2024-12-08 07:34:47
1363,5730,700042,2025-06-05 10:06:41
1364,5742,700086,2025-01-03 20:48:39
1365,5743,700488,2025-08-08 02:35:03
1366,5746,700451,2025-02-21 07:57:27
1367,5747,700401,2025-09-05 03:28:37
1368,5748,700446,2025-06-14 22:25:25
1369,5752,700053,2025-06-27 06:30:13
1370,5754,700042,2024-12-09 01:46:01
1371,5755,700047,2025-07-03 04:17:15
1372,5758,700310,2024-11-07 14:54:26
1373,5759,700396,2025-07-26 09:58:30
1374,5762,700307,2024-12-31 10:59:52
1375,5767,700413,2025-05-19 07:01:51
1376,5773,700266,2025-08-26 13:06:11
1377,5775,700268,2025-06-21 23:31:33
1378,5776,700145,2025-05-20 00:05:05
1379,5785,700259,2025-05-16 01:22:58
1380,5795,700473,2025-01-13 10:02:27
1381,5808,700190,2025-05-19 22:46:07
1382,5811,700092,2024-12-10 02:08:29
1383,5816,700093,2025-02-13 02:29:24
1384,5817,700024,2025-07-03 22:08:24
1385,5835,700095,2025-02-07 20:48:46
1386,5846,700096,2025-05-03 10:43:16
1387,5853,700375,2024-11-01 13:57:32
1388,5854,700400,2025-06-13 21:12:14
1389,5857,700323,2025-09-13 06:19:49
1390,5858,700043,2025-04-19 07:58:32
1391,5861,700496,2025-07-19 14:20:55
1392,5872,700177,2025-06-15 07:37:41
1393,5888,700190,2025-04-10 13:30:19
1394,5889,700498,2025-03-12 06:42:23
1395,5901,700015,2025-04-02 03:50:42
1396,5907,700143,2025-09-05 07:49:24
1397,5908,700224,2025-07-10 18:21:02
1398,5912,700222,2024-12-19 16:50:58
1399,5917,700386,2024-11-21 20:54:18
1400,5921,700493,2025-09-19 06:14:56
1401,5922,700433,2025-01-09 07:00:47
1402,5923,700139,2024-10-17 19:33:26
1403,5927,700373,2024-10-30 01:10:52
1404,5939,700356,2025-05-03 04:36:20
1405,5945,700262,2024-10-18 18:18:33
1406,5950,700160,2025-06-17 08:52:05
1407,5952,700341,2025-01-27 07:22:35
1408,5954,700278,2025-04-25 19:33:17
1409,5956,700231,2025-04-15 10:10:33
1410,5958,700296,2025-05-22 15:50:30
1411,5961,700206,2025-09-30 05:51:57
1412,5962,700235,2025-01-13 11:38:14
1413,5971,700034,2025-02-25 13:34:11
1414,5974,700499,2025-05-16 19:34:45
1415,5976,700391,2025-06-07 01:25:57
1416,5979,700332,2024-12-03 18:59:49
1417,5980,700140,2024-11-25 10:28:57
1418,5987,700025,2025-05-04 23:50:19
1419,5992,700497,2024-12-16 05:10:18
1420,5996,700453,2025-02-02 11:40:29
1421,5997,700145,2025-07-17 19:51:48
1422,5999,700449,2024-10-24 05:36:03
1423,6004,700468,2025-04-08 12:37:13
1424,6005,700085,2025-08-24 10:45:39
1425,6011,700492,2025-08-02 12:15:02
1426,6014,700312,2025-10-04 05:33:20
1427,6016,700417,2025-01-21 07:19:30
1428,6018,700039,2024-10-28 05:09:29
1429,6020,700470,2025-01-07 04:24:06
1430,6027,700007,2025-02-12 01:27:41
1431,6031,700415,2025-05-18 01:38:25
1432,6032,700006,2024-10-26 12:20:17
1433,6034,700385,2024-12-28 18:16:17
1434,6038,700393,2025-01-10 09:03:33
1435,6040,700328,2025-06-10 00:00:37
1436,6044,700069,2025-06-15 05:20:21
1437,6051,700040,2025-03-13 02:27:50
1438,6056,700366,2025-04-17 00:04:56
1439,6057,700403,2025-09-11 02:31:23
1440,6067,700231,2025-01-20 07:34:36
1441,6078,700165,2025-08-25 14:54:27
1442,6087,700121,2025-07-06 12:17:50
1443,6100,700403,2025-10-08 07:49:16
1444,6103,700094,2025-09-05 21:51:13
1445,6106,700376,2024-10-17 01:57:44
1446,6108,700470,2025-08-30 09:46:51
1447,6113,700210,2025-07-21 20:57:03
1448,6114,700156,2025-09-04 11:22:38
1449,6115,700224,2025-03-10 23:18:55
1450,6118,700113,2025-02-01 08:23:45
1451,6119,700232,2025-09-10 20:21:02
1452,6124,700362,2025-08-23 20:07:20
1453,6133,700500,2025-09-19 19:58:47
1454,6139,700464,2025-08-23 07:47:46
1455,6143,700220,2024-11-20 14:20:16
1456,6153,700163,2025-10-01 13:49:14
1457,6158,700276,2024-10-13 17:35:27
1458,6169,700005,2024-12-05 15:34:59
1459,6178,700302,2025-09-23 03:41:18
1460,6179,700423,2025-01-03 16:38:45
1461,6180,700194,2025-05-30 15:43:21
1462,6185,700223,2025-02-26 04:48:16
1463,6188,700260,2024-11-06 02:34:53
1464,6189,700099,2025-04-28 06:27:39
1465,6197,700431,2025-08-13 02:02:41
1466,6198,700033,2025-02-19 18:52:32
1467,6201,700089,2025-02-28 10:42:05
1468,6202,700123,2025-05-23 13:40:43
1469,6206,700022,2024-10-27 07:33:45
1470,6207,700132,2024-10-11 16:43:36
1471,6212,700095,2025-06-11 17:39:26
1472,6213,700233,2025-03-14 12:20:25
1473,6214,700324,2025-09-21 04:22:33
1474,6217,700165,2025-09-08 19:18:50
1475,6219,700008,2024-12-01 04:10:32
1476,6225,700490,2025-01-13 08:22:22
1477,6226,700234,2025-08-23 08:17:26
1478,6230,700352,2025-04-05 07:14:15
1479,6232,700274,2025-06-02 10:59:01
1480,6233,700345,2025-10-07 11:06:24
1481,6236,700491,2024-12-11 04:02:51
1482,6242,700205,2025-06-21 01:51:47
1483,6243,700042,2025-09-26 08:34:55
1484,6246,700463,2025-02-23 17:25:57
1485,6254,700189,2025-08-22 02:59:04
1486,6258,700331,2024-11-14 16:41:58
1487,6273,700130,2024-10-20 17:53:50
1488,6274,700005,2025-05-01 06:02:08
1489,6291,700070,2025-04-01 13:15:25
1490,6306,700360,2025-06-13 15:06:42
1491,6310,700093,2025-10-08 09:59:53
1492,6312,700221,2024-12-24 00:58:45
1493,6316,700317,2025-07-03 08:55:51
1494,6317,700130,2025-04-20 02:07:31
1495,6319,700306,2024-11-05 11:47:50
1496,6326,700049,2025-06-04 17:31:46
1497,6328,700495,2025-07-01 00:02:13
1498,6329,700091,2025-08-05 04:44:46
1499,6336,700099,2025-04-28 03:42:25
1500,6337,700387,2024-10-23 18:33:00
1501,6343,700084,2024-10-16 02:59:20
1502,6351,700397,2025-07-23 08:55:06
1503,6367,700107,2024-10-13 00:40:51
1504,6373,700159,2025-01-28 08:01:07
1505,6388,700100,2025-10-07 10:30:39
1506,6391,700026,2025-07-14 02:35:29
1507,6394,700234,2024-10-29 12:57:16
1508,6398,700350,2025-02-26 04:17:47
1509,6412,700338,2025-03-22 21:02:23
1510,6421,700108,2025-09-21 07:04:05
1511,6422,700191,2024-12-10 05:22:34
1512,6423,700256,2024-10-16 19:29:57
1513,6426,700319,2025-09-24 22:05:28
1514,6427,700104,2025-08-28 00:33:02
1515,6428,700337,2025-02-15 21:45:14
1516,6437,700070,2025-10-08 14:44:50
1517,6447,700069,2024-11-09 11:59:31
1518,6450,700384,2024-11-16 23:10:18
1519,6452,700189,2025-01-20 21:30:04
1520,6457,700120,2025-01-25 08:46:01
1521,6462,700449,2025-03-18 10:04:02
1522,6466,700100,2025-04-30 15:10:32
1523,6471,700193,2025-09-26 09:05:15
1524,6476,700454,2024-12-31 11:13:55
1525,6489,700061,2025-04-07 11:00:12
1526,6490,700221,2025-08-08 21:33:58
1527,6496,700387,2025-02-07 19:03:11
1528,6497,700017,2024-10-27 01:23:08
1529,6502,700090,2024-11-28 19:55:29
1530,6504,700201,2025-05-31 09:06:32
1531,6512,700464,2025-08-08 02:01:06
1532,6518,700091,2025-03-02 07:21:00
1533,6522,700363,2024-12-11 08:01:25
1534,6523,700195,2025-05-17 10:31:40
1535,6525,700422,2024-12-14 20:01:32
1536,6527,700242,2024-10-19 23:41:49
1537,6530,700178,2025-10-04 02:15:21
1538,6538,700286,2025-01-21 02:00:05
1539,6546,700011,2024-10-23 13:30:03
1540,6548,700435,2025-09-25 20:58:47
1541,6551,700207,2025-05-14 17:23:22
1542,6557,700050,2025-08-23 04:11:33
1543,6560,700345,2025-01-22 02:56:56
1544,6565,700001,2025-06-20 05:02:47
1545,6571,700178,2024-12-13 23:43:58
1546,6586,700153,2025-10-04 01:10:57
1547,6590,700490,2025-08-24 14:27:06
1548,6591,700256,2025-05-13 04:53:07
1549,6592,700141,2024-10-18 20:09:37
1550,6599,700325,2025-03-16 23:23:56
1551,6603,700450,2025-07-09 09:14:18
1552,6614,700052,2025-09-01 02:57:25
1553,6618,700093,2025-09-02 14:52:37
1554,6620,700434,2025-10-03 06:36:02
1555,6622,700266,2024-12-01 15:52:33
1556,6625,700251,2025-09-22 07:21:10
1557,6632,700179,2024-12-17 13:49:11
1558,6638,700323,2024-10-12 16:24:50
1559,6648,700307,2025-05-28 13:24:59
1560,6657,700043,2024-12-30 01:10:48
1561,6660,700057,2025-01-21 20:54:05
1562,6664,700100,2025-03-23 13:06:13
1563,6670,700069,2025-08-20 06:27:01
1564,6672,700416,2025-04-06 10:15:05
1565,6674,700216,2025-02-23 16:25:02
1566,6681,700044,2025-09-08 16:25:49
1567,6682,700407,2025-06-25 13:57:21
1568,6684,700095,2025-01-07 00:08:19
1569,6691,700054,2025-02-23 03:03:59
1570,6698,700248,2025-03-05 12:53:05
1571,6699,700369,2025-05-10 17:22:18
1572,6703,700392,2025-01-06 08:09:56
1573,6714,700288,2024-12-31 00:34:07
1574,6718,700130,2025-06-15 10:50:58
1575,6720,700420,2025-08-31 00:59:39
1576,6721,700037,2025-07-08 16:35:21
1577,6724,700494,2024-11-02 04:51:22
1578,6734,700281,2025-01-24 02:08:12
1579,6736,700376,2025-02-15 14:25:01
1580,6737,700069,2025-06-10 09:32:31
1581,6744,700179,2024-11-19 20:43:22
1582,6753,700486,2024-10-27 08:24:35
1583,6757,700456,2025-05-16 07:50:26
1584,6758,700230,2024-12-01 22:06:34
1585,6761,700470,2025-09-17 18:20:52
1586,6772,700071,2025-04-27 01:24:53
1587,6782,700317,2025-05-05 17:00:49
1588,6789,700056,2025-06-25 17:03:04
1589,6801,700319,2024-12-25 22:41:12
1590,6802,700097,2025-02-16 10:21:07
1591,6809,700148,2025-04-05 19:17:37
1592,6811,700450,2025-06-19 14:54:13
1593,6815,700266,2025-08-05 11:23:29
1594,6827,700397,2025-10-03 07:19:21
1595,6828,700415,2025-02-10 07:44:59
1596,6831,700041,2024-12-26 20:44:15
1597,6832,700162,2024-11-07 02:21:51
1598,6845,700259,2025-01-30 02:20:25
1599,6846,700206,2024-10-23 14:43:46
1600,6850,700428,2025-06-16 05:19:40
1601,6854,700068,2025-02-24 17:04:25
1602,6858,700104,2025-04-07 03:06:31
1603,6868,700039,2025-04-22 16:15:36
1604,6870,700121,2025-04-22 03:09:06
1605,6871,700035,2025-06-02 16:07:30
1606,6874,700187,2025-04-05 13:21:37
1607,6875,700153,2025-05-14 21:24:05
1608,6878,700250,2025-04-20 11:12:54
1609,6882,700277,2025-04-06 06:05:01
1610,6890,700468,2025-10-05 15:33:59
1611,6896,700187,2025-08-08 21:03:17
1612,6900,700179,2025-04-21 11:57:55
1613,6908,700326,2025-01-13 03:50:00
1614,6909,700275,2025-04-01 21:32:23
1615,6915,700043,2025-10-05 08:36:07
1616,6916,700448,2025-02-15 20:36:06
1617,6919,700328,2025-06-06 20:51:22
1618,6921,700490,2025-08-09 10:30:02
1619,6930,700037,2024-11-16 18:02:33
1620,6932,700237,2025-10-06 17:40:07
1621,6933,700291,2025-02-09 03:20:22
1622,6935,700454,2025-06-30 12:13:02
1623,6936,700479,2025-03-04 05:37:48
1624,6939,700044,2025-04-27 10:26:43
1625,6941,700351,2025-04-21 14:42:27
1626,6943,700077,2025-04-11 14:08:47
1627,6947,700441,2025-01-05 10:58:04
1628,6956,700328,2025-05-12 12:24:40
1629,6958,700299,2024-10-11 08:34:44
1630,6965,700355,2025-06-05 12:04:14
1631,6973,700078,2025-07-16 08:44:02
1632,6984,700191,2025-07-14 22:58:44
1633,6986,700241,2024-12-11 21:56:00
1634,6989,700477,2025-02-14 15:50:50
1635,7002,700170,2025-04-13 09:54:40
1636,7004,700327,2024-10-22 22:03:09
1637,7009,700237,2025-09-12 09:05:28
1638,7011,700365,2025-03-13 12:06:18
1639,7014,700375,2025-03-27 11:04:47
1640,7015,700393,2024-10-31 16:31:34
1641,7020,700114,2025-10-02 15:50:33
1642,7023,700091,2025-01-06 05:46:21
1643,7026,700054,2024-11-08 05:45:23
1644,7027,700429,2025-05-17 02:11:47
1645,7031,700458,2025-05-01 14:31:07
1646,7039,700461,2024-12-07 01:00:48
1647,7044,700092,2025-02-05 07:42:43
1648,7049,700429,2025-08-28 14:00:42
1649,7051,700445,2024-10-19 10:17:06
1650,7055,700422,2024-11-15 03:09:56
1651,7057,700249,2025-08-21 05:05:03
1652,7064,700325,2025-04-22 10:29:51
1653,7067,700398,2025-07-06 10:58:27
1654,7072,700244,2025-08-18 21:48:15
1655,7078,700223,2024-11-03 02:23:38
1656,7079,700250,2025-01-18 20:21:38
1657,7085,700066,2025-05-15 06:12:39
1658,7095,700481,2025-08-10 18:57:42
1659,7097,700058,2025-08-31 02:03:27
1660,7099,700061,2025-02-03 08:37:10
1661,7102,700227,2025-01-19 18:23:19
1662,7111,700178,2025-04-15 12:49:44
1663,7112,700182,2025-07-11 15:11:20
1664,7115,700279,2024-10-15 04:32:12
1665,7119,700271,2024-12-15 06:44:41
1666,7126,700194,2025-09-12 17:10:03
1667,7133,700303,2025-08-20 03:09:36
1668,7134,700469,2025-07-28 02:29:00
1669,7138,700473,2025-08-15 15:49:18
1670,7151,700332,2025-04-06 00:48:22
1671,7152,700445,2025-10-06 16:12:04
1672,7154,700056,2025-06-03 18:18:57
1673,7155,700412,2024-12-24 02:29:35
1674,7166,700321,2024-10-09 06:44:21
1675,7169,700054,2025-01-04 17:13:10
1676,7171,700263,2025-09-30 01:28:54
1677,7177,700037,2024-12-12 10:17:50
1678,7184,700331,2025-06-18 00:10:58
1679,7194,700202,2025-01-16 04:37:39
1680,7196,700232,2025-03-02 14:17:25
1681,7197,700375,2025-09-18 10:33:33
