id,review_id,checker_id,result,remark,created_at
1,6,200452,1,,2025-07-10 00:34:12
2,8,200213,0,,2025-08-02 17:48:54
3,9,200011,1,,2025-01-15 11:35:51
4,15,200059,1,,2025-08-05 19:01:01
5,22,200316,1,,2025-08-22 23:11:12
6,30,200300,1,,2025-05-06 17:47:21
7,32,200236,1,,2025-07-31 03:48:52
8,40,200163,1,,2025-04-10 05:07:24
9,45,200265,1,,2025-03-12 22:40:44
10,53,200247,1,,2025-08-15 09:52:31
11,56,200074,1,边界样本复核,2024-12-16 22:24:18
12,62,200160,1,,2025-07-31 17:01:02
13,63,200252,1,,2024-12-05 23:42:34
14,72,200232,1,,2025-01-28 02:39:55
15,74,200318,1,,2024-11-04 16:08:19
16,76,200391,1,,2025-08-09 21:06:06
17,77,200090,1,边界样本复核,2025-05-07 05:05:35
18,84,200125,1,,2024-12-10 07:58:36
19,85,200275,1,,2025-03-06 14:23:14
20,87,200250,1,,2025-04-19 16:59:02
21,91,200172,1,,2025-01-10 17:45:55
22,98,200350,1,边界样本复核,2025-03-12 23:28:03
23,102,200069,1,,2025-05-19 11:05:16
24,103,200459,1,,2025-09-06 20:15:02
25,131,200269,1,边界样本复核,2025-02-18 17:04:40
26,134,200405,1,,2025-05-28 02:29:44
27,137,200285,1,,2025-06-10 17:55:23
28,141,200162,1,,2025-05-29 06:48:55
29,146,200133,1,,2025-08-10 17:03:01
30,153,200235,1,,2025-02-18 12:11:30
31,159,200251,1,,2025-05-03 13:05:46
32,160,200228,1,,2024-12-24 13:12:42
33,161,200322,1,,2025-04-17 18:11:34
34,171,200382,0,,2024-10-30 07:11:53
35,172,200244,1,,2024-11-06 13:09:19
36,174,200007,1,边界样本复核,2024-10-18 04:12:59
37,176,200394,1,,2025-09-28 06:49:45
38,190,200310,1,,2025-01-30 00:00:49
39,197,200053,1,,2025-06-25 21:54:09
40,205,200161,1,,2025-03-01 08:49:53
41,217,200333,1,,2024-12-20 10:52:46
42,221,200398,1,,2024-10-09 19:34:13
43,232,200178,1,,2025-02-04 14:12:17
44,237,200084,1,,2024-10-11 23:49:28
45,239,200243,1,,2024-11-05 15:42:18
46,244,200393,1,,2025-03-15 04:54:33
47,257,200378,1,,2025-08-24 20:40:36
48,261,200354,1,边界样本复核,2024-12-01 17:43:10
49,270,200420,1,,2025-05-19 14:20:56
50,272,200477,1,,2025-01-15 01:04:53
51,287,200028,1,,2025-03-27 20:26:40
52,295,200158,1,,2025-10-04 16:13:16
53,303,200183,1,,2025-05-13 19:02:04
54,309,200451,1,,2025-07-02 15:40:46
55,315,200364,1,,2025-01-28 17:49:13
56,316,200112,1,,2025-06-10 20:39:18
57,323,200019,1,,2024-10-28 23:04:55
58,324,200309,0,边界样本复核,2025-01-04 01:33:42
59,341,200056,1,,2025-09-03 20:54:23
60,356,200058,1,,2024-10-30 18:10:00
61,359,200343,1,,2025-07-22 19:01:32
62,362,200002,1,,2025-06-28 01:58:41
63,363,200007,1,,2024-11-01 08:46:09
64,366,200109,1,,2025-10-01 20:25:40
65,367,200417,1,,2025-09-17 08:37:04
66,372,200009,1,,2025-03-27 16:27:48
67,383,200303,1,,2025-06-27 02:27:56
68,395,200390,1,,2025-04-13 16:30:54
69,397,200416,1,,2025-09-24 11:34:24
70,399,200047,1,边界样本复核,2025-03-19 13:43:40
71,400,200218,1,,2025-01-09 11:05:40
72,401,200293,1,,2025-07-28 01:16:28
73,402,200086,1,,2025-09-03 19:51:22
74,403,200095,1,,2025-07-07 16:46:11
75,407,200015,1,,2024-10-30 07:23:56
76,437,200145,1,,2024-10-15 09:49:08
77,444,200372,1,,2025-07-01 15:07:01
78,450,200263,1,,2025-07-24 12:14:31
79,454,200250,1,边界样本复核,2025-06-16 10:13:51
80,457,200416,1,,2025-01-07 15:46:10
81,458,200385,1,,2025-08-10 04:29:29
82,460,200131,1,,2025-08-06 16:38:28
83,471,200309,1,,2025-01-10 07:03:53
84,473,200193,0,,2025-08-17 06:34:22
85,478,200262,1,,2025-07-27 21:16:39
86,484,200380,1,边界样本复核,2025-10-03 19:37:57
87,501,200382,1,,2024-10-11 03:50:36
88,503,200250,1,,2024-10-09 06:25:46
89,511,200437,1,,2025-06-14 06:41:00
90,512,200102,1,,2025-03-14 15:57:20
91,520,200054,1,,2025-08-09 09:34:30
92,521,200228,1,,2025-01-02 12:31:55
93,533,200023,1,,2024-11-16 05:40:33
94,535,200177,1,边界样本复核,2025-04-26 08:02:18
95,545,200090,1,,2025-07-05 08:32:26
96,546,200269,1,,2025-10-02 13:06:15
97,550,200388,1,,2025-07-17 23:52:40
98,555,200056,1,边界样本复核,2025-05-17 22:03:36
99,557,200341,1,,2025-05-15 22:23:06
100,560,200228,1,,2025-02-07 08:37:07
101,561,200065,1,,2025-04-28 17:04:33
102,564,200366,1,,2024-10-19 03:05:01
103,571,200187,1,,2025-10-02 14:20:46
104,574,200451,1,,2025-07-12 16:44:42
105,578,200200,1,,2024-12-26 13:02:20
106,589,200349,1,边界样本复核,2025-08-23 02:38:17
107,596,200160,1,,2025-09-05 00:52:14
108,603,200436,1,,2024-12-21 20:31:55
109,605,200374,1,边界样本复核,2025-03-19 19:18:00
110,608,200307,1,,2025-04-06 19:24:34
111,610,200447,1,边界样本复核,2025-01-14 03:16:26
112,612,200482,1,,2024-10-22 05:13:08
113,614,200341,1,,2024-11-02 23:32:43
114,620,200459,1,边界样本复核,2025-08-06 16:53:47
115,630,200191,1,,2025-05-24 11:05:15
116,631,200465,1,,2025-07-22 21:26:15
117,641,200430,1,,2025-03-30 01:35:08
118,642,200296,1,,2024-12-08 06:36:09
119,643,200432,1,边界样本复核,2025-03-23 07:24:14
120,644,200351,1,边界样本复核,2024-11-18 18:39:12
121,647,200015,1,,2025-07-23 03:11:38
122,648,200042,1,边界样本复核,2025-05-25 01:06:19
123,652,200105,0,,2025-02-22 19:38:29
124,658,200163,1,,2025-06-21 18:07:32
125,662,200025,1,,2025-05-21 19:43:57
126,668,200152,1,,2024-11-15 06:38:56
127,672,200484,1,,2024-10-21 12:45:35
128,676,200392,1,,2024-12-28 02:14:41
129,677,200253,1,,2025-06-20 18:01:28
130,681,200216,1,,2024-12-17 11:27:45
131,682,200235,1,,2024-11-04 15:44:25
132,684,200139,1,,2025-03-27 19:41:00
133,696,200419,1,,2025-05-14 02:45:27
134,700,200351,1,,2025-07-25 20:07:48
135,701,200295,1,边界样本复核,2025-04-08 03:33:28
136,702,200140,1,,2025-02-20 15:53:07
137,704,200266,1,边界样本复核,2025-08-07 19:17:15
138,705,200004,1,,2025-02-13 05:35:59
139,707,200144,1,,2025-01-31 23:56:05
140,709,200044,1,,2025-06-30 19:20:20
141,712,200223,1,,2024-12-17 06:00:07
142,713,200156,1,,2024-11-21 18:16:45
143,714,200226,1,,2024-10-23 22:03:04
144,715,200286,1,,2025-08-25 05:57:03
145,725,200258,1,,2025-08-08 00:08:58
146,728,200379,1,,2025-02-06 00:30:34
147,731,200155,1,,2024-11-06 12:30:01
148,740,200054,1,,2025-04-27 02:38:22
149,742,200128,1,边界样本复核,2025-09-01 18:59:37
150,744,200129,1,,2025-06-16 03:44:39
151,747,200373,0,,2025-01-11 17:00:15
152,751,200420,1,边界样本复核,2025-06-02 20:51:16
153,752,200294,1,,2024-11-30 16:51:47
154,754,200215,1,,2025-09-09 05:59:53
155,758,200259,1,,2025-02-07 00:01:20
156,761,200392,1,,2024-10-14 19:31:44
157,763,200005,1,,2025-01-07 14:23:14
158,764,200064,1,,2025-05-01 22:20:18
159,769,200461,1,边界样本复核,2025-02-03 00:52:58
160,773,200437,1,,2025-03-27 21:03:51
161,784,200291,1,边界样本复核,2025-07-09 18:54:39
162,790,200367,1,边界样本复核,2025-05-30 01:41:46
163,792,200039,1,,2025-04-01 19:55:28
164,810,200214,1,,2025-02-11 07:23:32
165,817,200458,1,,2024-10-28 11:25:31
166,828,200232,1,,2024-10-13 06:42:09
167,836,200325,1,边界样本复核,2025-06-22 10:57:10
168,837,200352,1,,2024-12-15 02:31:25
169,844,200395,1,,2025-03-12 20:49:11
170,854,200154,1,,2024-10-22 02:03:54
171,856,200369,1,,2025-09-29 10:31:57
172,865,200442,1,,2025-08-28 05:55:25
173,890,200084,1,,2025-08-31 09:10:09
174,907,200278,1,边界样本复核,2024-11-07 12:42:51
175,910,200422,1,,2025-05-26 08:00:44
176,914,200302,1,,2025-07-15 10:41:21
177,920,200427,1,,2024-12-22 03:23:58
178,930,200475,1,,2025-01-23 07:08:33
179,932,200497,1,,2024-11-03 22:56:23
180,944,200196,1,,2025-05-16 23:44:34
181,954,200144,1,边界样本复核,2025-02-15 21:42:12
182,956,200182,1,,2025-05-09 11:54:50
183,970,200115,1,,2025-09-06 12:48:34
184,987,200464,1,,2025-03-08 19:50:26
185,1002,200433,1,边界样本复核,2025-08-13 04:55:04
186,1006,200147,1,边界样本复核,2024-12-24 21:51:47
187,1008,200149,1,,2025-06-15 10:02:59
188,1012,200268,1,,2025-03-29 10:33:04
189,1014,200255,1,边界样本复核,2025-10-02 15:59:12
190,1023,200277,1,,2025-05-08 14:20:26
191,1026,200259,1,,2024-11-13 00:09:35
192,1028,200457,0,,2025-07-18 04:33:34
193,1031,200153,1,,2024-10-30 05:26:26
194,1038,200360,1,,2025-05-31 00:20:10
195,1048,200394,1,,2024-10-09 23:38:18
196,1049,200239,1,,2025-06-30 01:38:18
197,1050,200210,1,边界样本复核,2025-09-14 15:49:51
198,1053,200285,1,,2025-01-20 07:52:31
199,1057,200165,1,,2025-06-16 13:47:34
200,1059,200075,1,,2025-09-25 15:38:53
201,1064,200224,1,,2025-03-28 13:34:49
202,1068,200233,1,,2025-03-07 20:29:40
203,1072,200265,1,,2025-09-20 08:50:30
204,1077,200013,1,边界样本复核,2025-09-22 05:48:50
205,1078,200051,1,边界样本复核,2025-08-22 19:46:55
206,1083,200482,1,,2025-08-21 20:21:58
207,1084,200337,1,,2025-02-14 13:33:34
208,1094,200364,1,边界样本复核,2025-05-04 18:35:31
209,1095,200419,1,边界样本复核,2025-07-02 05:54:35
210,1102,200480,1,,2024-10-11 14:50:05
211,1106,200493,1,,2025-03-18 06:34:26
212,1108,200159,1,,2024-12-06 17:55:00
213,1116,200051,1,,2024-12-13 17:02:52
214,1118,200055,1,,2025-08-19 14:06:41
215,1121,200204,1,,2025-03-02 10:08:09
216,1141,200265,1,,2025-03-25 01:32:55
217,1148,200087,1,,2024-11-11 08:58:27
218,1155,200500,1,,2025-03-12 05:12:00
219,1156,200475,1,,2025-08-25 07:38:28
220,1158,200181,1,,2025-06-01 16:52:35
221,1161,200000,0,,2025-10-06 23:10:07
222,1163,200111,0,,2024-10-25 05:26:16
223,1166,200349,1,,2025-08-18 16:57:01
224,1168,200126,1,,2025-01-31 04:12:43
225,1169,200266,1,,2025-01-12 14:34:16
226,1175,200494,1,,2025-01-07 09:09:37
227,1181,200072,1,,2025-05-29 19:40:27
228,1185,200353,1,,2025-08-11 05:16:59
229,1186,200378,1,,2024-10-18 20:34:16
230,1187,200061,1,边界样本复核,2025-06-28 07:55:11
231,1189,200355,1,,2024-11-27 21:33:55
232,1191,200078,1,边界样本复核,2025-07-11 22:19:19
233,1193,200336,1,,2025-02-26 08:32:35
234,1194,200493,1,,2025-09-05 20:08:40
235,1196,200029,1,,2025-08-09 02:53:41
236,1203,200210,1,,2025-06-14 20:25:28
237,1210,200111,1,边界样本复核,2024-11-05 21:04:40
238,1219,200287,1,边界样本复核,2025-07-17 19:57:10
239,1222,200195,1,,2025-09-28 13:43:38
240,1225,200153,1,边界样本复核,2025-08-14 03:53:31
241,1235,200177,1,,2025-02-01 00:48:54
242,1238,200292,1,,2025-09-01 10:43:05
243,1239,200298,1,边界样本复核,2025-02-15 12:05:43
244,1240,200360,1,边界样本复核,2025-08-29 04:18:46
245,1245,200277,1,,2025-08-07 08:18:37
246,1248,200455,0,,2025-07-19 08:42:55
247,1257,200187,1,,2024-11-05 04:46:43
248,1258,200241,1,,2025-09-27 16:57:44
249,1262,200265,1,边界样本复核,2025-03-09 17:12:38
250,1272,200251,1,边界样本复核,2025-05-26 08:37:57
251,1276,200472,1,,2025-09-08 03:58:18
252,1278,200333,1,,2025-04-03 18:08:29
253,1281,200489,1,,2025-04-24 14:57:02
254,1282,200222,1,,2025-04-24 12:44:52
255,1286,200175,1,,2025-01-03 08:48:23
256,1291,200391,1,,2024-10-08 19:57:43
257,1296,200459,1,,2025-05-15 18:37:31
258,1301,200006,1,,2025-04-22 03:33:22
259,1309,200233,1,边界样本复核,2025-06-27 06:41:18
260,1313,200347,1,,2025-03-01 18:06:49
261,1337,200151,1,,2024-10-26 08:28:19
262,1350,200264,1,边界样本复核,2025-05-12 05:08:38
263,1355,200067,1,边界样本复核,2024-12-25 10:12:26
264,1358,200449,1,,2025-03-17 16:36:21
265,1359,200044,1,,2025-02-22 15:11:35
266,1361,200359,1,,2025-01-21 10:37:35
267,1363,200243,1,,2025-07-12 20:56:52
268,1370,200306,1,,2025-08-31 19:18:49
269,1381,200351,1,,2025-04-28 03:37:30
270,1386,200415,1,边界样本复核,2025-02-18 15:01:15
271,1394,200283,1,,2025-07-13 21:06:53
272,1396,200432,1,,2024-12-01 05:02:18
273,1397,200343,1,,2024-12-05 20:59:24
274,1407,200130,1,,2025-05-28 17:38:48
275,1409,200117,1,边界样本复核,2025-08-22 12:39:41
276,1412,200335,1,边界样本复核,2025-07-11 00:34:29
277,1413,200492,1,,2025-09-05 07:22:24
278,1417,200240,1,,2024-12-01 21:42:01
279,1425,200008,1,,2025-07-25 18:41:15
280,1434,200111,1,,2025-02-21 20:22:53
281,1437,200495,1,边界样本复核,2025-04-22 19:03:16
282,1438,200196,1,,2025-09-17 00:02:26
283,1442,200342,1,边界样本复核,2024-11-27 21:31:15
284,1457,200407,1,,2025-03-03 17:07:57
285,1458,200026,1,,2025-08-02 00:27:32
286,1460,200298,1,,2025-10-09 04:04:11
287,1464,200436,1,,2025-02-08 18:35:38
288,1467,200448,1,,2025-02-22 06:28:40
289,1470,200080,1,,2025-09-14 09:55:37
290,1474,200401,1,,2025-08-22 17:20:31
291,1476,200004,1,,2024-11-28 21:29:17
292,1479,200394,1,边界样本复核,2025-02-18 13:33:09
293,1490,200331,1,,2025-08-20 06:20:26
294,1494,200394,1,边界样本复核,2025-07-10 06:56:30
295,1498,200175,1,边界样本复核,2025-01-09 03:59:59
296,1499,200436,1,,2025-08-16 16:24:46
297,1503,200292,1,边界样本复核,2025-04-01 11:27:01
298,1511,200145,1,,2025-07-30 15:57:23
299,1512,200135,1,,2025-08-07 04:25:13
300,1517,200485,1,,2025-02-07 09:31:16
301,1518,200481,1,,2025-08-28 22:54:23
302,1526,200129,1,,2024-11-14 13:56:41
303,1528,200111,1,,2025-10-07 11:20:10
304,1529,200105,1,,2024-11-12 06:34:56
305,1549,200172,1,,2025-01-09 22:55:46
306,1550,200458,1,,2025-09-17 03:36:25
307,1553,200143,1,边界样本复核,2025-06-24 07:39:57
308,1557,200257,1,边界样本复核,2025-05-20 11:03:57
309,1561,200230,1,,2025-08-10 03:38:09
310,1562,200032,1,,2025-03-30 10:47:30
311,1563,200391,1,,2025-03-11 07:07:16
312,1569,200355,1,,2024-10-15 15:38:37
313,1575,200075,1,,2024-11-18 15:09:49
314,1579,200097,1,边界样本复核,2025-02-26 15:26:38
315,1583,200422,1,,2025-09-17 23:37:58
316,1584,200025,1,,2025-06-05 21:18:38
317,1591,200031,1,,2025-08-07 20:48:32
318,1594,200367,1,,2025-09-06 20:30:59
319,1598,200447,1,,2024-11-19 20:52:27
320,1611,200499,1,,2024-11-20 03:51:39
321,1612,200208,1,,2025-08-27 12:47:30
322,1613,200491,1,,2024-12-30 15:58:26
323,1617,200371,1,边界样本复核,2024-11-26 03:17:19
324,1618,200309,1,,2025-01-12 11:47:37
325,1623,200274,1,,2025-04-04 12:06:51
326,1628,200233,1,边界样本复核,2025-06-23 07:25:49
327,1630,200320,1,,2024-12-25 11:36:59
328,1635,200189,1,,2024-12-03 09:20:25
329,1643,200256,1,,2025-07-02 04:41:36
330,1654,200281,1,,2025-03-14 12:07:08
331,1663,200033,1,,2024-11-12 00:54:08
332,1676,200083,1,,2025-03-07 02:24:18
333,1678,200229,1,,2025-05-10 23:53:18
334,1683,200082,1,边界样本复核,2024-12-11 15:32:43
335,1692,200337,1,,2024-11-20 22:21:06
336,1693,200171,1,,2025-08-17 01:25:27
337,1705,200315,1,,2025-08-30 12:42:48
338,1715,200126,1,,2025-01-09 14:05:45
339,1717,200040,1,边界样本复核,2025-07-05 15:39:43
340,1723,200164,1,,2025-05-15 01:32:27
341,1734,200184,1,边界样本复核,2025-01-12 14:45:37
342,1742,200410,1,,2024-12-12 11:30:01
343,1744,200002,1,,2025-01-15 03:38:19
344,1751,200032,1,,2024-11-13 10:48:41
345,1760,200234,1,,2025-06-19 14:31:01
346,1761,200079,1,,2024-11-29 03:16:27
347,1770,200292,1,,2025-09-10 23:00:50
348,1773,200415,1,边界样本复核,2025-08-01 21:48:19
349,1774,200019,1,,2024-12-29 17:16:02
350,1778,200500,1,边界样本复核,2024-11-13 08:05:00
351,1779,200034,1,边界样本复核,2025-06-23 14:17:51
352,1782,200313,1,边界样本复核,2024-12-17 19:56:18
353,1783,200495,1,,2024-11-19 05:34:27
354,1785,200195,1,,2025-07-09 09:32:44
355,1787,200318,1,,2025-05-11 14:14:52
356,1789,200391,1,,2025-08-24 00:42:46
357,1790,200172,1,,2025-04-25 06:10:03
358,1791,200433,1,边界样本复核,2025-03-29 08:39:56
359,1794,200097,1,,2025-04-24 15:25:18
360,1796,200246,1,,2025-04-06 12:42:18
361,1797,200317,1,,2025-08-26 19:22:08
362,1798,200144,1,边界样本复核,2025-08-15 22:36:12
363,1802,200226,1,,2025-04-13 21:31:35
364,1805,200106,1,边界样本复核,2025-03-11 14:54:16
365,1806,200264,1,,2025-08-20 21:44:05
366,1808,200027,1,,2025-08-30 09:19:44
367,1810,200289,1,,2025-01-11 22:07:55
368,1815,200029,0,,2025-03-06 07:25:20
369,1823,200302,1,,2025-03-10 21:09:11
370,1831,200210,1,,2024-11-03 10:04:14
371,1846,200022,1,,2025-08-10 01:39:08
372,1848,200145,1,边界样本复核,2024-12-29 14:44:47
373,1853,200287,1,,2025-07-19 22:07:24
374,1856,200132,1,,2025-01-12 18:51:40
375,1857,200037,1,边界样本复核,2024-12-13 02:01:46
376,1859,200109,1,,2025-10-08 22:37:38
377,1862,200063,1,,2024-11-11 09:55:12
378,1868,200201,1,边界样本复核,2025-01-02 19:41:53
379,1872,200069,1,,2025-09-09 17:40:29
380,1876,200296,1,,2025-09-10 21:16:15
381,1878,200150,1,边界样本复核,2024-10-25 01:05:39
382,1880,200419,1,,2025-03-06 21:48:35
383,1886,200095,1,,2025-07-08 18:36:55
384,1891,200242,1,边界样本复核,2025-02-04 17:03:50
385,1900,200346,1,,2024-11-08 21:41:30
386,1905,200098,1,,2025-03-29 04:53:24
387,1908,200311,0,边界样本复核,2025-04-25 15:12:53
388,1915,200328,1,,2024-10-31 23:24:01
389,1918,200161,1,,2025-02-06 07:15:32
390,1926,200089,1,,2024-10-19 16:03:47
391,1932,200161,1,边界样本复核,2024-12-11 23:32:59
392,1933,200395,0,,2025-03-17 04:25:45
393,1938,200228,1,,2024-11-28 13:32:03
394,1939,200395,1,,2025-03-08 15:06:31
395,1942,200270,0,,2025-02-02 12:42:03
396,1943,200232,1,,2025-03-30 10:13:06
397,1950,200038,1,,2024-11-12 14:59:33
398,1957,200375,1,,2025-06-18 22:36:40
399,1960,200248,1,边界样本复核,2025-01-18 04:24:54
400,1961,200214,1,边界样本复核,2025-01-04 21:29:01
401,1964,200095,1,,2025-09-16 21:51:46
402,1967,200258,1,,2024-10-09 23:09:19
403,1969,200131,1,,2025-08-10 20:01:02
404,1972,200396,1,,2025-06-18 04:24:00
405,1977,200155,0,,2025-06-14 21:08:18
406,1984,200119,1,,2025-08-18 18:13:23
407,1987,200367,1,边界样本复核,2025-05-01 01:18:36
408,1990,200056,1,边界样本复核,2025-07-07 22:26:04
409,1995,200201,1,,2025-06-20 23:59:55
410,1996,200178,1,,2025-06-21 19:28:17
411,1997,200153,1,边界样本复核,2025-06-17 11:15:36
412,2002,200198,1,,2025-09-17 02:16:18
413,2009,200484,1,,2025-06-19 03:00:40
414,2021,200176,1,,2025-01-01 10:50:47
415,2032,200090,1,,2025-01-08 06:25:43
416,2035,200498,0,,2024-12-05 03:55:22
417,2036,200324,1,,2024-10-09 05:38:05
418,2039,200171,1,,2025-03-21 03:53:43
419,2042,200036,1,,2024-12-07 07:48:18
420,2051,200297,1,,2025-06-01 00:07:42
421,2054,200086,1,,2025-08-10 07:50:55
422,2058,200318,1,,2025-06-08 23:44:28
423,2063,200361,1,边界样本复核,2025-01-11 16:52:58
424,2069,200175,1,,2024-10-17 10:46:51
425,2072,200436,1,,2025-05-21 06:05:31
426,2078,200330,1,,2025-01-10 22:05:53
427,2083,200099,1,,2024-11-12 10:08:51
428,2093,200193,1,,2025-07-22 16:12:21
429,2095,200191,0,,2024-11-06 03:18:24
430,2097,200147,1,,2024-10-19 02:59:04
431,2098,200179,0,,2025-08-24 09:17:13
432,2107,200054,1,,2025-07-22 22:28:05
433,2112,200028,1,,2025-01-31 01:01:43
434,2125,200373,1,,2025-09-02 03:43:21
435,2137,200025,1,,2024-12-25 18:09:57
436,2143,200325,1,,2024-12-21 21:13:42
437,2145,200211,1,,2025-06-11 08:12:58
438,2150,200291,1,,2024-12-02 02:14:30
439,2152,200388,1,,2024-12-26 04:49:52
440,2153,200370,1,边界样本复核,2024-12-18 15:39:25
441,2154,200080,1,,2024-12-20 18:50:51
442,2157,200398,1,,2025-09-18 00:04:56
443,2158,200312,1,,2025-09-25 05:55:11
444,2165,200104,1,,2025-03-15 05:19:56
445,2166,200234,1,,2025-06-24 11:11:03
446,2173,200274,1,边界样本复核,2025-09-15 05:07:16
447,2176,200068,1,,2025-08-15 03:13:20
448,2179,200244,1,,2025-05-01 01:59:56
449,2184,200367,1,,2025-08-03 00:24:48
450,2188,200184,1,,2025-02-26 05:27:33
451,2193,200043,1,,2025-01-10 18:23:53
452,2198,200089,1,,2025-03-25 01:48:08
453,2204,200237,1,,2025-03-31 12:43:11
454,2205,200392,1,,2024-10-24 18:45:04
455,2209,200204,1,,2024-12-04 06:11:49
456,2211,200302,1,,2024-10-15 13:53:43
457,2213,200193,1,,2024-11-23 16:20:30
458,2216,200328,1,边界样本复核,2025-08-22 04:46:28
459,2219,200167,1,,2025-03-23 23:48:28
460,2220,200198,1,边界样本复核,2025-01-27 18:58:04
461,2224,200098,1,,2025-09-07 09:24:49
462,2226,200441,1,,2025-03-14 13:39:22
463,2229,200352,1,,2025-09-08 10:52:24
464,2230,200202,1,,2025-04-27 12:03:57
465,2248,200470,1,,2024-12-09 19:48:50
466,2252,200229,1,,2024-12-09 14:28:48
467,2260,200236,1,边界样本复核,2025-01-16 12:08:05
468,2261,200194,1,,2025-09-25 01:24:46
469,2265,200273,1,,2025-08-17 03:00:25
470,2266,200340,1,,2025-05-05 15:22:38
471,2268,200473,0,,2025-10-03 09:20:57
472,2269,200454,1,,2024-11-13 03:40:02
473,2273,200241,1,边界样本复核,2025-09-22 09:55:56
474,2286,200127,1,,2025-08-24 08:35:38
475,2287,200496,1,,2025-05-23 15:33:06
476,2290,200059,0,,2025-04-03 12:40:47
477,2296,200118,1,,2025-06-18 03:57:40
478,2299,200406,1,,2025-07-01 10:43:06
479,2302,200289,1,,2024-10-22 17:39:09
480,2309,200360,1,,2024-11-03 16:03:41
481,2321,200371,1,,2025-01-11 16:45:49
482,2331,200490,1,,2024-12-19 17:48:01
483,2342,200177,1,,2025-03-29 00:30:15
484,2344,200014,1,,2025-03-07 11:23:52
485,2345,200042,1,,2025-09-03 20:03:40
486,2349,200251,0,,2025-07-27 17:21:09
487,2363,200128,1,,2024-12-04 10:36:57
488,2365,200068,1,,2025-09-19 01:31:53
489,2370,200247,1,,2024-11-19 05:48:37
490,2374,200426,1,,2025-06-22 04:47:34
491,2375,200156,1,,2024-10-21 21:10:48
492,2377,200171,1,,2025-03-11 06:08:04
493,2378,200173,1,,2025-09-24 08:53:14
494,2379,200236,1,,2025-07-04 09:48:33
495,2383,200085,1,边界样本复核,2025-09-03 17:48:46
496,2384,200500,1,,2025-05-08 00:23:48
497,2390,200238,1,,2024-12-28 10:11:30
498,2396,200237,1,,2025-10-04 16:51:27
499,2398,200016,1,,2024-12-23 06:18:48
500,2402,200114,1,,2025-04-29 01:04:54
501,2403,200085,1,,2024-10-23 05:40:00
502,2417,200049,1,,2025-08-22 13:04:25
503,2418,200293,0,,2025-09-30 04:11:02
504,2419,200104,1,,2025-03-11 20:06:04
505,2428,200476,1,边界样本复核,2025-10-01 10:45:46
506,2431,200340,1,,2025-09-23 08:51:16
507,2435,200045,1,,2025-05-26 15:41:13
508,2440,200255,1,,2025-06-26 23:48:52
509,2442,200162,1,,2025-08-05 18:21:47
510,2451,200056,1,,2024-11-16 19:18:38
511,2458,200207,1,边界样本复核,2025-09-29 22:25:26
512,2459,200417,1,,2024-11-07 00:54:45
513,2460,200205,1,,2025-01-11 19:38:10
514,2461,200373,1,,2025-09-12 08:56:28
515,2463,200141,1,,2025-05-09 17:46:51
516,2465,200383,1,,2025-03-25 05:24:16
517,2470,200472,1,,2025-02-23 16:02:33
518,2479,200131,1,,2025-08-01 03:18:14
519,2484,200028,1,边界样本复核,2025-05-10 05:46:59
520,2485,200023,0,边界样本复核,2024-11-10 16:02:21
521,2490,200188,1,,2025-04-05 15:02:33
522,2497,200303,1,,2025-01-23 07:29:04
523,2499,200402,1,,2025-04-03 00:52:05
524,2500,200052,1,,2025-01-25 18:10:52
525,2502,200162,1,,2025-10-01 04:18:28
526,2518,200435,1,,2025-09-25 02:17:10
527,2520,200361,1,边界样本复核,2025-07-25 17:30:54
528,2523,200137,1,,2024-12-30 02:35:50
529,2524,200299,1,,2025-09-24 04:30:33
530,2525,200455,1,,2025-05-24 17:01:49
531,2533,200451,1,,2024-12-31 23:14:05
532,2534,200358,1,,2025-07-08 15:22:30
533,2536,200425,1,,2025-03-20 11:33:12
534,2541,200005,1,边界样本复核,2024-12-24 04:48:57
535,2543,200132,1,边界样本复核,2024-12-14 02:52:16
536,2545,200191,1,边界样本复核,2025-04-16 08:54:27
537,2552,200450,1,,2025-04-21 13:16:50
538,2554,200246,1,,2025-05-20 05:14:31
539,2561,200303,1,,2025-01-10 01:17:26
540,2563,200048,1,,2025-07-30 07:24:54
541,2565,200238,1,,2024-10-20 01:55:08
542,2571,200239,1,,2025-03-02 01:03:33
543,2578,200054,1,,2024-11-03 11:55:36
544,2579,200210,1,,2025-07-08 11:32:41
545,2581,200006,1,,2025-03-22 04:52:16
546,2582,200470,1,,2025-09-12 13:55:34
547,2585,200082,1,,2025-08-25 13:31:10
548,2587,200204,1,,2024-10-23 19:51:03
549,2589,200166,1,,2025-05-23 19:38:40
550,2591,200329,1,,2025-05-18 07:40:40
551,2605,200264,1,,2025-09-06 11:18:01
552,2607,200200,1,,2024-12-10 13:06:00
553,2611,200372,1,,2025-02-19 11:20:13
554,2617,200232,1,边界样本复核,2025-03-26 10:19:31
555,2623,200262,1,,2025-03-02 23:05:14
556,2629,200331,1,,2024-10-16 08:14:19
557,2632,200414,1,,2025-01-21 12:39:07
558,2639,200183,1,,2025-03-08 18:41:54
559,2647,200435,1,,2025-10-09 03:47:53
560,2648,200306,0,,2025-05-10 09:31:15
561,2650,200076,1,,2025-03-10 15:02:05
562,2653,200331,1,,2025-08-31 19:48:57
563,2657,200461,1,,2025-06-19 23:11:52
564,2659,200005,1,,2024-11-04 11:07:17
565,2665,200181,1,,2025-05-31 16:49:12
566,2670,200206,1,,2024-11-23 15:48:40
567,2672,200025,0,,2025-01-13 20:58:51
568,2673,200196,1,,2025-02-18 14:20:44
569,2678,200062,1,,2025-09-13 16:01:05
570,2679,200102,1,,2024-12-07 07:59:16
571,2683,200153,1,,2024-12-18 17:01:16
572,2684,200302,1,,2025-04-24 21:05:51
573,2686,200093,1,边界样本复核,2025-09-23 14:18:29
574,2692,200391,1,,2025-05-14 10:49:28
575,2694,200338,1,边界样本复核,2025-08-21 10:36:21
576,2695,200496,1,,2025-08-25 14:06:45
577,2697,200247,1,,2025-07-04 00:12:35
578,2711,200141,0,边界样本复核,2025-06-03 13:04:15
579,2712,200276,1,,2025-03-27 20:44:12
580,2715,200200,1,,2025-04-19 07:46:22
581,2719,200368,0,,2025-09-17 13:20:54
582,2733,200273,1,,2025-02-02 14:50:36
583,2735,200202,1,边界样本复核,2025-04-03 09:28:00
584,2737,200110,1,,2025-07-17 08:55:55
585,2738,200311,1,,2025-06-28 18:19:07
586,2740,200366,1,,2025-02-13 22:22:09
587,2747,200252,1,,2024-10-15 20:14:11
588,2749,200229,1,,2025-03-07 20:17:01
589,2751,200117,1,,2025-08-23 19:39:45
590,2753,200125,1,,2024-12-23 01:24:30
591,2754,200415,1,边界样本复核,2025-02-11 13:49:26
592,2758,200165,1,,2024-11-21 14:41:46
593,2759,200095,0,边界样本复核,2024-10-18 17:39:22
594,2761,200013,1,,2025-06-08 03:10:05
595,2768,200048,1,边界样本复核,2025-09-05 19:39:29
596,2772,200199,1,边界样本复核,2025-04-26 19:10:47
597,2778,200285,1,,2025-09-21 22:52:13
598,2781,200331,1,,2025-04-04 16:38:03
599,2793,200367,1,,2025-01-08 11:22:13
600,2796,200098,1,边界样本复核,2024-10-13 23:59:39
601,2798,200262,1,,2025-08-05 03:36:16
602,2805,200202,1,,2025-01-04 08:54:30
603,2806,200050,1,,2025-04-28 18:41:57
604,2809,200026,1,,2025-01-15 19:57:44
605,2811,200131,1,,2025-01-19 13:38:04
606,2813,200397,1,,2025-02-11 09:32:38
607,2814,200451,1,边界样本复核,2025-05-25 05:28:00
608,2815,200355,1,,2024-11-29 15:36:09
609,2817,200310,1,,2024-12-18 17:20:20
610,2818,200185,1,,2025-10-03 00:11:22
611,2822,200221,1,,2025-06-03 01:13:45
612,2842,200416,1,边界样本复核,2025-05-01 01:08:22
613,2847,200298,1,,2025-09-09 14:45:34
614,2851,200479,1,,2025-09-24 12:03:27
615,2852,200475,1,,2025-01-14 11:38:15
616,2862,200168,1,,2025-04-29 19:03:01
617,2879,200424,1,,2024-10-12 23:59:24
618,2880,200046,1,边界样本复核,2025-04-02 08:33:29
619,2886,200340,1,,2025-09-02 11:33:59
620,2889,200065,1,,2025-08-05 15:33:13
621,2894,200160,1,边界样本复核,2025-05-20 04:44:17
622,2895,200357,0,,2024-12-11 15:15:18
623,2901,200414,1,,2024-12-31 21:05:53
624,2902,200299,1,,2024-11-13 21:11:00
625,2905,200091,1,,2025-09-07 03:29:09
626,2912,200352,1,,2025-04-28 00:40:40
627,2914,200370,1,,2025-06-07 07:56:47
628,2922,200094,1,,2025-01-24 19:21:01
629,2928,200069,1,,2025-04-29 02:37:07
630,2929,200193,1,,2024-11-03 12:42:58
631,2932,200375,1,,2025-03-13 00:45:16
632,2947,200103,1,,2025-03-24 17:05:19
633,2948,200328,1,,2025-03-09 03:54:52
634,2951,200289,1,,2024-11-27 12:55:03
635,2953,200459,1,,2024-10-18 18:15:07
636,2954,200030,1,,2025-10-07 07:35:43
637,2958,200328,1,,2024-12-16 12:01:43
638,2966,200402,1,,2025-03-18 02:04:48
639,2967,200118,1,,2025-02-07 19:48:16
640,2969,200031,0,边界样本复核,2025-01-29 13:12:21
641,2970,200005,0,,2024-10-10 13:34:36
642,2983,200067,1,,2024-11-20 00:10:49
643,2986,200283,1,,2024-11-16 16:53:23
644,2987,200295,0,,2024-11-15 05:32:39
645,2988,200171,1,,2024-12-07 19:17:30
646,2999,200021,1,边界样本复核,2024-11-09 01:04:36
647,3002,200326,0,,2025-01-04 13:14:31
648,3003,200072,1,,2025-07-02 16:48:37
649,3004,200073,1,,2024-12-29 05:25:30
650,3006,200047,1,,2025-05-24 18:35:56
651,3010,200358,1,,2025-01-31 14:48:25
652,3011,200474,1,边界样本复核,2025-09-27 00:08:35
653,3028,200114,1,,2025-05-08 13:40:12
654,3029,200143,1,,2024-11-27 12:43:20
655,3035,200273,1,,2024-12-14 10:01:15
656,3036,200142,1,,2025-06-09 03:19:05
657,3039,200424,1,,2025-07-06 12:35:47
658,3041,200237,1,,2025-08-08 21:59:31
659,3045,200077,1,,2024-12-14 09:17:40
660,3047,200011,1,,2025-04-17 19:24:11
661,3054,200378,1,,2025-04-12 03:56:24
662,3057,200401,1,,2024-10-15 11:28:34
663,3061,200350,1,,2024-12-14 05:24:52
664,3063,200433,1,,2025-09-28 09:36:41
665,3068,200337,1,边界样本复核,2025-01-27 20:02:32
666,3069,200048,1,,2025-09-23 20:56:55
667,3070,200227,1,边界样本复核,2025-04-04 08:45:12
668,3076,200290,1,,2025-04-22 07:04:10
669,3080,200056,1,边界样本复核,2024-11-06 21:33:09
670,3084,200117,1,,2025-08-23 00:24:57
671,3085,200330,1,,2025-09-10 14:24:41
672,3099,200169,1,,2025-04-15 15:45:03
673,3102,200031,1,,2025-03-15 21:03:12
674,3103,200324,1,,2024-11-13 03:09:35
675,3104,200319,1,,2025-03-16 16:16:14
676,3106,200236,1,,2025-03-15 12:59:39
677,3112,200182,1,,2025-04-13 19:42:19
678,3118,200403,1,,2025-02-15 04:33:38
679,3120,200064,1,,2025-05-08 19:32:31
680,3122,200369,1,,2025-06-16 14:50:30
681,3126,200464,1,,2025-07-29 00:55:25
682,3136,200132,1,,2025-10-02 18:22:13
683,3138,200464,1,,2024-10-15 07:34:03
684,3139,200258,1,,2024-12-26 14:15:00
685,3151,200012,1,,2025-06-25 05:51:15
686,3155,200019,1,,2024-12-08 13:38:15
687,3161,200469,1,,2025-08-28 05:57:36
688,3166,200313,1,边界样本复核,2024-12-03 18:45:47
689,3169,200372,1,边界样本复核,2025-03-04 17:37:54
690,3172,200373,1,边界样本复核,2024-11-16 05:11:26
691,3178,200165,1,,2025-02-13 05:31:28
692,3180,200015,1,边界样本复核,2025-05-14 06:31:32
693,3193,200086,1,,2025-01-26 11:48:23
694,3199,200194,1,,2025-06-24 21:53:36
695,3206,200339,1,,2025-01-13 17:55:15
696,3207,200452,1,,2024-11-30 14:38:57
697,3216,200286,0,,2025-09-20 06:14:22
698,3220,200369,1,,2025-07-29 02:22:03
699,3223,200026,1,,2025-01-12 04:03:46
700,3237,200420,1,,2025-03-08 19:01:24
701,3242,200130,1,,2025-04-02 18:59:33
702,3244,200043,1,,2024-11-12 00:10:39
703,3247,200299,1,,2025-02-11 13:02:37
704,3256,200397,1,,2025-01-16 02:11:03
705,3259,200399,1,,2025-03-14 18:20:56
706,3262,200125,1,,2025-01-02 23:45:51
707,3265,200399,1,,2025-10-05 02:25:12
708,3272,200190,1,,2024-12-14 08:08:18
709,3279,200278,1,,2025-05-16 09:22:30
710,3281,200217,1,,2025-05-11 07:02:53
711,3282,200343,1,,2025-01-21 02:48:47
712,3286,200277,1,,2024-11-15 02:46:26
713,3288,200329,1,边界样本复核,2025-03-26 23:03:38
714,3291,200044,1,,2024-12-14 20:29:18
715,3300,200236,0,,2025-04-11 18:44:06
716,3302,200293,1,,2024-10-20 13:35:20
717,3328,200354,1,,2025-06-16 00:22:29
718,3329,200087,1,,2025-05-24 07:38:41
719,3333,200342,1,,2025-06-05 21:40:34
720,3344,200085,1,,2025-01-06 21:05:54
721,3350,200490,1,,2024-11-30 01:48:25
722,3351,200127,1,,2024-11-26 06:12:25
723,3358,200390,1,,2025-05-22 06:06:15
724,3362,200442,1,,2025-09-13 07:58:28
725,3363,200388,1,,2025-02-22 07:19:58
726,3378,200262,1,,2025-08-27 10:16:41
727,3383,200099,1,,2025-05-07 00:49:44
728,3386,200365,1,边界样本复核,2025-02-22 03:03:55
729,3392,200181,1,,2025-02-16 01:49:50
730,3394,200443,1,,2025-08-28 23:51:03
731,3403,200376,1,,2024-11-02 21:54:04
732,3416,200034,1,,2025-03-24 21:22:34
733,3418,200233,1,,2025-08-05 10:58:20
734,3422,200046,0,边界样本复核,2025-08-30 16:39:55
735,3423,200461,1,,2025-04-29 15:36:30
736,3431,200132,1,,2025-08-04 12:58:48
737,3434,200463,1,,2025-08-26 00:18:09
738,3443,200213,1,,2024-11-27 07:19:12
739,3449,200099,1,,2024-10-12 07:55:31
740,3452,200015,1,,2025-02-14 01:20:10
741,3458,200400,1,,2025-02-07 01:28:33
742,3467,200143,1,,2024-11-02 18:47:12
743,3474,200373,1,,2024-12-29 01:45:15
744,3500,200104,1,,2025-10-07 08:26:54
745,3509,200043,1,边界样本复核,2025-04-27 11:26:23
746,3511,200133,1,,2025-03-19 17:40:37
747,3513,200400,1,,2025-08-18 12:57:49
748,3514,200346,1,,2025-05-04 13:04:40
749,3521,200072,1,边界样本复核,2025-05-25 12:46:09
750,3523,200026,1,,2025-04-21 11:38:31
751,3529,200440,1,,2025-04-01 22:20:37
752,3535,200205,1,边界样本复核,2025-02-23 12:00:02
753,3537,200178,1,,2025-09-17 16:12:08
754,3538,200236,1,,2025-03-25 07:24:01
755,3549,200239,1,,2025-01-29 11:56:26
756,3557,200259,1,,2025-03-03 13:49:59
757,3559,200443,1,,2025-08-14 13:44:56
758,3562,200351,1,,2025-08-31 07:05:13
759,3565,200105,1,,2025-01-06 07:25:07
760,3570,200000,1,边界样本复核,2025-03-21 00:28:17
761,3574,200048,1,,2025-01-02 16:00:26
762,3575,200199,1,,2025-06-16 05:10:37
763,3577,200367,1,,2024-12-02 10:19:31
764,3585,200216,1,边界样本复核,2025-09-26 15:01:47
765,3586,200442,1,,2025-06-29 21:40:08
766,3590,200448,1,,2025-09-15 07:50:59
767,3593,200475,1,边界样本复核,2024-10-16 10:05:33
768,3595,200047,0,,2025-06-12 11:57:52
769,3603,200000,1,,2025-01-09 09:29:49
770,3615,200265,1,,2025-01-01 17:43:32
771,3620,200283,1,,2024-11-05 09:53:12
772,3630,200296,1,,2025-01-16 10:42:44
773,3635,200127,1,边界样本复核,2025-09-22 07:40:56
774,3642,200165,1,,2025-01-12 17:18:50
775,3649,200273,1,,2025-01-05 04:12:04
776,3650,200121,1,,2025-01-08 11:36:45
777,3655,200066,1,,2025-09-16 06:43:51
778,3664,200066,1,,2025-01-03 02:24:49
779,3667,200452,1,,2025-02-14 16:10:37
780,3673,200033,1,,2025-06-14 17:40:13
781,3676,200389,1,边界样本复核,2024-11-21 08:56:02
782,3677,200363,1,,2025-07-07 20:39:05
783,3681,200275,1,边界样本复核,2024-11-11 23:18:28
784,3683,200086,1,,2025-07-18 00:06:11
785,3684,200368,1,,2025-09-30 14:08:49
786,3696,200117,1,,2025-07-10 05:30:57
787,3698,200117,1,,2025-09-01 20:30:52
788,3705,200127,1,,2025-04-16 10:17:35
789,3709,200263,1,,2025-05-19 20:09:25
790,3712,200447,1,,2025-09-01 23:41:08
791,3715,200477,1,,2024-12-10 09:41:16
792,3724,200342,1,,2025-07-21 12:02:56
793,3732,200342,1,,2025-03-18 03:31:28
794,3733,200320,1,,2025-07-26 10:28:39
795,3743,200109,1,,2025-05-18 02:00:48
796,3744,200040,1,,2024-11-28 23:53:02
797,3745,200290,1,,2025-05-02 01:11:07
798,3747,200079,1,,2025-03-17 09:02:31
799,3752,200206,1,,2025-08-12 04:31:37
800,3757,200274,1,,2025-09-03 02:10:26
801,3758,200482,1,边界样本复核,2025-08-13 15:39:46
802,3764,200155,1,,2024-12-31 03:22:18
803,3765,200047,1,,2025-08-17 07:01:58
804,3766,200004,1,,2025-08-27 02:38:32
805,3769,200338,1,,2025-06-23 08:32:58
806,3774,200482,1,,2024-10-12 02:44:26
807,3775,200417,1,边界样本复核,2025-09-03 10:54:45
808,3778,200273,1,,2025-05-10 20:15:03
809,3782,200006,1,,2025-08-16 10:08:46
810,3783,200036,1,边界样本复核,2025-06-17 11:15:49
811,3785,200476,1,,2024-12-19 19:39:50
812,3786,200472,1,,2025-08-25 22:05:00
813,3802,200450,1,,2025-04-19 10:10:39
814,3803,200448,1,,2025-05-07 20:28:56
815,3804,200480,1,边界样本复核,2024-11-12 23:08:23
816,3808,200473,1,边界样本复核,2025-10-06 09:19:30
817,3809,200167,1,,2024-12-13 18:19:59
818,3815,200340,1,,2024-10-27 18:05:43
819,3817,200071,1,,2025-08-28 15:54:30
820,3819,200211,1,,2024-11-21 19:10:55
821,3821,200124,1,,2024-11-02 08:36:13
822,3839,200425,1,,2024-12-16 23:34:11
823,3845,200203,0,,2025-01-22 05:44:53
824,3846,200238,1,边界样本复核,2025-07-14 07:02:29
825,3849,200032,1,边界样本复核,2025-01-01 00:19:53
826,3853,200058,1,,2025-05-31 06:22:35
827,3854,200214,1,,2025-08-04 02:18:30
828,3855,200463,1,,2025-07-28 11:46:37
829,3857,200310,1,,2025-03-21 03:01:08
830,3861,200351,1,,2025-04-22 14:57:36
831,3874,200227,1,,2025-06-10 10:20:45
832,3875,200388,1,,2025-01-03 19:20:57
833,3876,200457,1,边界样本复核,2025-04-24 00:19:41
834,3897,200002,1,,2025-05-16 12:39:38
835,3918,200495,1,,2025-02-02 08:20:41
836,3923,200081,1,,2024-11-03 13:19:51
837,3925,200076,1,,2025-06-09 11:10:38
838,3931,200347,1,,2025-01-16 04:35:26
839,3934,200227,1,,2025-09-27 20:29:27
840,3940,200470,1,,2025-07-26 06:58:27
841,3941,200470,1,边界样本复核,2024-12-27 06:29:04
842,3945,200081,1,,2024-10-19 10:07:49
843,3954,200463,1,,2025-02-19 05:29:35
844,3955,200407,0,边界样本复核,2024-10-23 08:28:37
845,3963,200309,1,,2024-10-26 01:32:29
846,3972,200024,1,,2024-12-23 17:49:40
847,3990,200191,1,,2025-02-25 13:32:45
848,3995,200337,1,,2024-11-10 01:03:25
849,4012,200232,1,边界样本复核,2024-10-16 13:54:01
850,4013,200078,1,边界样本复核,2025-01-12 00:38:38
851,4018,200361,1,,2025-05-09 02:17:05
852,4037,200483,1,,2025-04-19 04:17:30
853,4040,200274,1,,2024-11-16 12:00:42
854,4043,200169,1,,2024-10-12 13:48:22
855,4056,200337,1,边界样本复核,2025-06-08 12:40:45
856,4069,200175,1,,2024-10-21 12:09:40
857,4070,200263,1,边界样本复核,2025-05-16 08:21:50
858,4071,200436,1,,2025-09-07 18:34:17
859,4072,200388,1,,2025-08-21 08:37:34
860,4074,200104,1,边界样本复核,2025-07-31 17:49:36
861,4077,200479,1,,2025-05-17 00:39:58
862,4084,200494,1,,2025-05-08 02:34:40
863,4094,200200,0,,2024-10-18 03:32:11
864,4098,200416,1,,2025-06-26 05:17:04
865,4103,200013,1,,2024-11-14 16:43:32
866,4122,200132,1,,2025-02-26 21:48:47
867,4126,200133,1,,2025-01-20 07:18:12
868,4129,200197,1,边界样本复核,2025-03-31 08:17:51
869,4131,200203,1,,2025-01-23 01:46:02
870,4142,200058,1,,2024-10-20 01:37:00
871,4155,200227,1,,2025-08-18 06:30:07
872,4163,200070,1,,2025-05-21 11:52:09
873,4178,200209,1,,2025-09-30 05:39:58
874,4182,200387,1,边界样本复核,2025-09-28 18:47:38
875,4188,200243,1,,2025-05-24 22:40:44
876,4206,200414,1,,2024-10-17 09:07:56
877,4223,200190,1,,2024-12-08 16:30:28
878,4231,200166,1,,2025-06-07 18:59:06
879,4235,200251,1,,2025-08-24 10:29:52
880,4238,200373,1,边界样本复核,2025-02-20 01:18:55
881,4239,200049,1,,2025-10-04 00:03:38
882,4249,200483,1,,2025-03-23 19:10:05
883,4254,200023,1,,2024-12-10 20:52:20
884,4258,200266,1,,2025-05-03 19:47:31
885,4261,200090,1,,2025-06-09 14:09:02
886,4268,200448,1,,2025-05-11 22:11:14
887,4291,200403,1,,2025-05-16 22:39:34
888,4301,200423,1,边界样本复核,2025-05-27 22:40:22
889,4311,200388,1,,2025-01-05 20:32:29
890,4314,200189,1,边界样本复核,2025-01-31 00:18:57
891,4317,200164,1,,2024-11-25 23:49:21
892,4318,200489,1,,2025-07-25 10:46:08
893,4319,200044,1,,2025-05-22 21:32:41
894,4321,200043,1,边界样本复核,2024-12-17 01:12:26
895,4326,200076,1,,2025-01-11 05:42:26
896,4327,200055,1,边界样本复核,2024-10-25 14:25:50
897,4332,200159,1,,2024-11-15 23:20:54
898,4346,200062,1,,2025-06-15 02:13:14
899,4352,200293,1,,2025-06-01 03:09:21
900,4353,200462,1,边界样本复核,2025-06-24 03:15:49
901,4357,200009,1,,2025-04-11 20:25:30
902,4358,200281,1,,2025-07-08 11:35:06
903,4360,200133,1,,2025-06-26 03:52:35
904,4365,200494,1,,2025-03-01 22:16:20
905,4366,200199,1,,2024-10-25 07:51:10
906,4372,200352,1,,2025-07-10 17:16:13
907,4379,200041,1,,2025-05-04 15:55:46
908,4382,200478,1,边界样本复核,2025-06-02 18:18:41
909,4387,200156,1,,2025-04-05 16:32:25
910,4390,200059,1,,2024-11-27 07:34:43
911,4408,200117,1,,2025-01-08 21:31:47
912,4418,200401,1,,2025-08-12 22:50:52
913,4430,200452,1,边界样本复核,2025-06-19 14:19:00
914,4441,200005,1,边界样本复核,2024-12-29 16:38:41
915,4445,200095,0,,2024-11-22 21:32:04
916,4451,200180,1,,2025-09-09 04:30:56
917,4452,200499,1,,2025-08-22 14:44:15
918,4467,200362,1,,2025-05-17 13:45:46
919,4469,200469,1,,2025-03-11 13:22:55
920,4474,200263,1,边界样本复核,2024-12-13 02:01:42
921,4475,200145,1,边界样本复核,2024-12-06 00:43:18
922,4484,200144,0,,2025-06-08 00:31:06
923,4489,200213,1,,2025-06-29 08:10:35
924,4497,200362,1,,2025-06-10 03:09:49
925,4498,200001,1,边界样本复核,2025-01-03 14:39:42
926,4500,200387,1,,2025-03-17 02:01:23
927,4506,200354,1,,2025-05-08 01:08:36
928,4510,200142,1,,2025-03-29 13:49:50
929,4512,200459,1,边界样本复核,2025-07-08 06:00:17
930,4514,200462,1,,2025-06-13 17:22:32
931,4520,200376,1,,2025-02-05 11:20:35
932,4523,200031,1,,2024-10-23 16:29:49
933,4524,200127,1,,2025-08-22 14:15:22
934,4529,200250,1,,2025-09-15 00:54:21
935,4530,200380,1,,2025-08-30 17:11:25
936,4538,200281,1,,2025-06-28 18:19:29
937,4539,200125,1,,2025-05-18 02:00:24
938,4549,200442,1,,2024-12-14 23:25:49
939,4556,200200,1,,2025-06-16 19:53:59
940,4560,200494,1,,2025-08-14 04:22:21
941,4572,200254,1,边界样本复核,2025-04-04 10:49:30
942,4574,200338,1,,2025-08-04 12:04:27
943,4578,200239,1,边界样本复核,2025-07-31 16:52:47
944,4582,200171,1,,2024-12-05 20:27:39
945,4596,200215,0,,2025-06-23 21:36:50
946,4600,200306,1,,2025-01-31 01:50:12
947,4607,200064,1,,2024-11-14 23:26:43
948,4608,200169,1,,2024-12-13 05:56:45
949,4611,200295,1,,2025-02-16 10:53:45
950,4618,200491,1,边界样本复核,2024-11-21 13:43:32
951,4620,200366,1,边界样本复核,2025-05-08 18:23:31
952,4629,200295,0,,2025-03-23 04:09:21
953,4630,200087,1,,2025-02-01 22:45:53
954,4632,200111,1,,2025-04-08 10:37:13
955,4634,200331,1,,2025-02-08 15:05:17
956,4639,200061,1,,2025-04-28 05:28:06
957,4640,200154,1,,2024-11-25 16:38:35
958,4643,200338,1,边界样本复核,2025-04-24 12:58:52
959,4646,200264,1,,2025-08-17 21:59:15
960,4648,200371,1,边界样本复核,2025-03-21 04:43:43
961,4652,200395,1,边界样本复核,2025-06-29 11:20:15
962,4681,200210,1,,2024-10-30 02:40:51
963,4687,200041,1,边界样本复核,2025-01-12 12:25:11
964,4691,200156,1,边界样本复核,2025-06-09 07:14:27
965,4692,200123,1,,2025-04-20 13:53:56
966,4696,200044,1,,2025-05-27 19:40:51
967,4702,200006,1,,2025-08-08 02:32:05
968,4705,200043,1,,2025-08-30 16:02:14
969,4719,200041,1,,2025-09-23 20:07:14
970,4720,200027,1,边界样本复核,2025-08-31 22:08:24
971,4729,200227,1,,2024-10-20 10:30:02
972,4731,200221,1,,2025-01-28 08:54:38
973,4732,200008,0,,2025-02-13 10:34:03
974,4734,200430,1,,2025-01-10 14:27:04
975,4740,200261,1,边界样本复核,2025-06-06 06:07:17
976,4748,200428,1,,2025-07-31 10:03:30
977,4750,200345,1,,2025-03-05 19:07:54
978,4766,200218,1,,2025-03-01 10:45:08
979,4774,200323,1,,2025-02-25 14:32:49
980,4776,200030,1,,2024-10-25 13:47:19
981,4778,200473,1,,2025-01-26 13:31:56
982,4787,200083,1,,2025-08-30 06:35:58
983,4794,200490,1,,2025-07-30 21:15:27
984,4795,200321,1,边界样本复核,2024-10-17 16:04:00
985,4798,200286,1,,2024-12-28 18:34:11
986,4804,200077,1,,2024-11-21 17:40:51
987,4809,200085,1,边界样本复核,2024-12-30 15:55:35
988,4818,200406,0,,2024-12-30 01:13:29
989,4828,200081,1,,2025-08-13 19:22:16
990,4830,200225,1,,2024-11-21 13:37:04
991,4832,200025,1,,2025-06-19 05:16:44
992,4833,200199,1,边界样本复核,2025-09-02 05:27:05
993,4836,200297,1,,2025-10-08 22:55:18
994,4846,200372,1,边界样本复核,2025-03-28 02:23:27
995,4853,200324,1,,2025-06-18 14:05:20
996,4854,200288,1,,2024-10-17 06:35:38
997,4857,200486,1,,2025-03-24 10:48:43
998,4858,200050,1,边界样本复核,2025-05-03 21:34:36
999,4862,200223,1,边界样本复核,2025-07-07 08:29:55
1000,4865,200358,1,,2025-03-10 12:57:26
1001,4873,200201,1,,2025-07-02 20:03:59
1002,4883,200410,1,边界样本复核,2025-05-17 06:04:02
1003,4885,200449,1,,2025-01-29 08:15:47
1004,4891,200172,1,,2025-06-10 13:09:53
1005,4893,200141,1,,2025-01-28 23:38:29
1006,4894,200140,1,,2025-05-17 15:48:04
1007,4899,200317,1,,2024-10-31 14:46:48
1008,4902,200065,1,,2025-06-15 22:46:46
1009,4922,200308,1,,2025-04-02 03:07:50
1010,4942,200286,1,,2025-06-28 21:54:00
1011,4946,200279,1,边界样本复核,2024-11-05 11:10:31
1012,4947,200486,0,,2025-05-03 00:01:16
1013,4959,200416,1,,2025-01-15 16:04:19
1014,4970,200003,1,,2025-08-19 21:49:24
1015,4976,200002,1,,2024-11-16 08:11:11
1016,4980,200366,1,,2025-08-01 17:29:50
1017,4981,200319,1,边界样本复核,2025-01-16 10:43:02
1018,4983,200341,1,,2024-12-06 03:15:09
1019,4986,200223,1,,2025-05-14 05:02:21
1020,4997,200400,1,,2025-02-19 12:51:39
1021,5000,200462,1,,2024-11-14 13:24:29
1022,5001,200013,1,,2025-06-11 06:19:13
1023,5003,200453,1,,2025-09-24 04:33:38
1024,5023,200461,1,边界样本复核,2024-11-30 02:14:01
1025,5025,200232,1,,2025-04-28 20:45:51
1026,5026,200375,1,,2025-03-16 05:01:29
1027,5028,200436,1,,2025-06-06 01:13:58
1028,5034,200239,1,边界样本复核,2025-05-27 00:24:02
